,FID,SRC_AGENCY,LATITUDE,LONGITUDE,REP_DATE,SIZE_HA,CAUSE,PROTZONE,ECOZ_NAME,FireLocation,WeatherLocation,x,y,MAX_REL_HUMIDITY,LOCAL_DAY,ID,MEAN_TEMPERATURE,MIN_REL_HUMIDITY,PROVINCE_CODE,LOCAL_MONTH,TOTAL_RAIN,STATION_NAME,SPEED_MAX_GUST,TOTAL_PRECIPITATION,CLIMATE_IDENTIFIER,MAX_TEMPERATURE,LOCAL_YEAR,TOTAL_SNOW,MIN_TEMPERATURE,SNOW_ON_GROUND,Class
0,328420,QC,52.5747,-76.52129999999998,2019-07-01,408.5,L,nordique,Hudson Plain,"(52.5747, -76.52129999999998)","53.625277777777775,-77.70416666666667",-77.70416666666667,53.625277777777775,90.66666666666667,1.0,7093716.2019.7.1,9.093333333333334,44.0,QC,7.0,0.0,LA GRANDE RIVIERE A,39.0,26.1,7093716,27.5,2019.0,0.0,-2.2,0.0,1.0
1,328421,QC,52.573,-76.54179999999998,2019-07-01,34.5,L,nordique,Hudson Plain,"(52.573, -76.54179999999998)","53.625277777777775,-77.70416666666667",-77.70416666666667,53.625277777777775,90.66666666666667,1.0,7093716.2019.7.1,9.093333333333334,44.0,QC,7.0,0.0,LA GRANDE RIVIERE A,39.0,26.1,7093716,27.5,2019.0,0.0,-2.2,0.0,1.0
2,328451,QC,49.1275,-65.2352,2019-07-28,0.0,L,intensive,Atlantic Maritime,"(49.1275, -65.2352)","49.25083333333333,-65.32472222222222",-65.32472222222222,49.25083333333333,86.5,28.0,7051163.2019.7.28,13.366666666666667,44.0,QC,7.0,0.0,CAP-MADELEINE,46.0,26.1,7051163,27.5,2019.0,0.0,-3.1,0.0,1.0
3,328573,QC,48.7306,-64.9126,2019-07-28,0.3,L,intensive,Atlantic Maritime,"(48.7306, -64.9126)","48.77527777777778,-64.47972222222222",-64.47972222222222,48.77527777777778,90.66666666666667,28.0,7052601.2019.7.28,21.873333333333335,44.0,QC,7.0,0.0,GASPE A,46.0,26.1,7052601,27.5,2019.0,0.0,-2.2,0.0,1.0
4,328876,QC,53.0048,-77.4008,2019-07-01,25.5,L,nordique,Taiga Shield East,"(53.0048, -77.4008)","53.625277777777775,-77.70416666666667",-77.70416666666667,53.625277777777775,90.66666666666667,1.0,7093716.2019.7.1,9.093333333333334,44.0,QC,7.0,0.0,LA GRANDE RIVIERE A,39.0,26.1,7093716,27.5,2019.0,0.0,-2.2,0.0,1.0
5,328877,QC,53.251,-77.0446,2019-07-03,3.6,L,nordique,Taiga Shield East,"(53.251, -77.0446)","53.625277777777775,-77.70416666666667",-77.70416666666667,53.625277777777775,90.66666666666667,3.0,7093716.2019.7.3,9.093333333333334,44.0,QC,7.0,0.0,LA GRANDE RIVIERE A,45.0,26.1,7093716,27.5,2019.0,0.0,-2.2,0.0,1.0
6,329131,QC,51.5009,-63.1808,2019-07-21,153.2,L,nordique,Boreal Shield East,"(51.5009, -63.1808)","51.86722222222223,-63.28361111111112",,,90.66666666666667,,,9.093333333333334,44.0,,,0.0,,42.666666666666664,26.1,,27.5,,0.0,-2.2,0.0,1.0
7,329138,QC,51.5594,-63.5589,2018-07-31,180.1,L,nordique,Boreal Shield East,"(51.5594, -63.5589)","51.86722222222223,-63.28361111111112",-63.28361111111112,51.86722222222223,90.66666666666667,31.0,704C64L.2018.7.31,9.093333333333334,44.0,QC,7.0,0.0,LAC EON,37.0,26.1,704C64L,27.5,2018.0,0.0,-2.2,0.0,1.0
8,329139,QC,51.399,-63.3979,2018-07-31,813.0,L,nordique,Boreal Shield East,"(51.399, -63.3979)","51.86722222222223,-63.28361111111112",-63.28361111111112,51.86722222222223,90.66666666666667,31.0,704C64L.2018.7.31,9.093333333333334,44.0,QC,7.0,0.0,LAC EON,37.0,26.1,704C64L,27.5,2018.0,0.0,-2.2,0.0,1.0
9,329545,QC,49.2399,-76.49689999999998,2019-07-28,0.0,L,intensive,Boreal Shield East,"(49.2399, -76.49689999999998)","49.757783333333336,-77.79307222222222",-77.79307222222222,49.757783333333336,90.66666666666667,28.0,7094637.2019.7.28,18.42,44.0,QC,7.0,0.0,MATAGAMI,44.166666666666664,26.1,7094637,27.5,2019.0,0.0,2.2,0.0,1.0
10,329656,QC,48.0355,-77.68559999999998,2019-07-19,0.1,L,intensive,Boreal Shield East,"(48.0355, -77.68559999999998)","48.053333333333335,-77.78277777777778",-77.78277777777778,48.053333333333335,90.66666666666667,19.0,7098605.2019.7.19,9.093333333333334,44.0,QC,7.0,0.0,VAL D'OR A,46.0,26.1,7098605,27.5,2019.0,0.0,-2.2,0.0,1.0
11,330721,QC,48.1909,-71.0901,2018-06-30,1.0,L,intensive,Boreal Shield East,"(48.1909, -71.0901)","48.30722222222222,-71.12916666666666",-71.12916666666666,48.30722222222222,90.66666666666667,30.0,7064181.2018.6.30,9.093333333333334,60.0,QC,6.0,0.0,LATERRIERE,41.77777777777778,26.1,7064181,25.2,2018.0,0.0,-2.2,0.0,1.0
12,330981,QC,48.3432,-76.8157,2019-07-28,0.1,L,intensive,Boreal Shield East,"(48.3432, -76.8157)","48.053333333333335,-77.78277777777778",-77.78277777777778,48.053333333333335,90.66666666666667,28.0,7098605.2019.7.28,13.366666666666667,44.0,QC,7.0,0.0,VAL D'OR A,32.0,26.1,7098605,27.5,2019.0,0.0,-2.2,0.0,1.0
13,331455,QC,47.3607,-77.6075,2019-07-07,1.7,L,intensive,Boreal Shield East,"(47.3607, -77.6075)","48.053333333333335,-77.78277777777778",-77.78277777777778,48.053333333333335,90.66666666666667,7.0,7098605.2019.7.7,18.80666666666667,60.13333333333333,QC,7.0,0.0,VAL D'OR A,41.75,26.1,7098605,27.5,2019.0,0.0,-2.2,0.0,1.0
14,331601,QC,47.2778,-78.0481,2019-06-17,0.3,L,intensive,Boreal Shield East,"(47.2778, -78.0481)","48.053333333333335,-77.78277777777778",-77.78277777777778,48.053333333333335,90.66666666666667,17.0,7098605.2019.6.17,12.8,65.3,QC,6.0,0.0,VAL D'OR A,39.0,26.1,7098605,27.5,2019.0,0.0,-2.2,0.0,1.0
15,331605,QC,47.558,-78.21009999999998,2019-07-04,23.0,L,intensive,Boreal Shield East,"(47.558, -78.21009999999998)","48.053333333333335,-77.78277777777778",-77.78277777777778,48.053333333333335,84.0,4.0,7098605.2019.7.4,24.2,44.0,QC,7.0,0.0,VAL D'OR A,35.0,26.1,7098605,27.5,2019.0,0.0,15.5,0.0,1.0
16,367117,QC,51.1411,-69.3006,2011-06-07,0.2,L,intensive,Boreal Shield East,"(51.1411, -69.3006)","50.65638888888889,-70.53194444444445",-70.53194444444445,50.65638888888889,90.66666666666667,7.0,706I155.2011.6.7,12.9,49.666666666666664,QC,6.0,0.0,MANOUANE EST,0.0,7.6,706I155,17.8,2011.0,0.0,8.0,0.0,1.0
17,367118,QC,52.8486,-67.3378,2012-06-11,1.3,L,nordique,Boreal Shield East,"(52.8486, -67.3378)","54.8,-66.8",-66.8,54.8,90.66666666666667,11.0,7117827.2012.6.11,18.2,44.0,QC,6.0,0.0,SCHEFFERVILLE,41.0,26.1,7117827,23.0,2012.0,0.0,13.3,0.0,1.0
18,367120,QC,51.6767,-68.6994,2013-06-02,0.1,L,intensive,Boreal Shield East,"(51.6767, -68.6994)","50.65638888888889,-70.53194444444445",-70.53194444444445,50.65638888888889,90.66666666666667,2.0,706I155.2013.6.2,7.3,95.0,QC,6.0,0.0,MANOUANE EST,0.0,26.1,706I155,9.0,2013.0,0.0,-2.2,0.0,1.0
19,367121,QC,51.8267,-69.6186,2013-06-06,62.3,L,intensive,Boreal Shield East,"(51.8267, -69.6186)","50.65638888888889,-70.53194444444445",-70.53194444444445,50.65638888888889,85.0,6.0,706I155.2013.6.6,7.5,44.0,QC,6.0,0.0,MANOUANE EST,0.0,26.1,706I155,14.2,2013.0,0.0,0.8,0.0,1.0
20,367122,QC,52.0064,-69.5775,2013-06-02,82.2,L,nordique,Boreal Shield East,"(52.0064, -69.5775)","51.5325,-71.11083333333333",-71.11083333333333,51.5325,90.66666666666667,2.0,706I001.2013.6.2,8.6,95.0,QC,6.0,0.0,LAC BENOIT,0.0,2.7,706I001,10.3,2013.0,0.0,-2.2,0.0,1.0
21,367123,QC,51.4375,-69.2944,2013-06-02,0.0,L,intensive,Boreal Shield East,"(51.4375, -69.2944)","50.65638888888889,-70.53194444444445",-70.53194444444445,50.65638888888889,90.66666666666667,2.0,706I155.2013.6.2,7.3,95.0,QC,6.0,0.0,MANOUANE EST,0.0,26.1,706I155,9.0,2013.0,0.0,-2.2,0.0,1.0
22,367124,QC,51.9064,-69.5572,2013-06-02,7.2,L,nordique,Boreal Shield East,"(51.9064, -69.5572)","50.65638888888889,-70.53194444444445",-70.53194444444445,50.65638888888889,90.66666666666667,2.0,706I155.2013.6.2,7.3,95.0,QC,6.0,0.0,MANOUANE EST,0.0,26.1,706I155,9.0,2013.0,0.0,-2.2,0.0,1.0
23,367125,QC,51.7378,-68.7022,2013-06-02,1.1,L,intensive,Boreal Shield East,"(51.7378, -68.7022)","50.65638888888889,-70.53194444444445",-70.53194444444445,50.65638888888889,90.66666666666667,2.0,706I155.2013.6.2,7.3,95.0,QC,6.0,0.0,MANOUANE EST,0.0,26.1,706I155,9.0,2013.0,0.0,-2.2,0.0,1.0
24,367127,QC,52.4419,-69.7294,2013-06-06,145308.0,L,nordique,Boreal Shield East,"(52.4419, -69.7294)","51.5325,-71.11083333333333",-71.11083333333333,51.5325,90.66666666666667,6.0,706I001.2013.6.6,6.5,45.666666666666664,QC,6.0,0.0,LAC BENOIT,0.0,26.1,706I001,16.5,2013.0,0.0,-3.5,0.0,1.0
25,367129,QC,50.9897,-68.7158,2013-06-28,0.7,L,intensive,Boreal Shield East,"(50.9897, -68.7158)","50.65638888888889,-70.53194444444445",-70.53194444444445,50.65638888888889,90.66666666666667,28.0,706I155.2013.6.28,12.5,44.0,QC,6.0,0.0,MANOUANE EST,0.0,26.1,706I155,27.5,2013.0,0.0,2.4,0.0,1.0
26,367130,QC,51.0942,-68.6294,2013-06-29,1.0,L,intensive,Boreal Shield East,"(51.0942, -68.6294)","50.65638888888889,-70.53194444444445",-70.53194444444445,50.65638888888889,90.66666666666667,29.0,706I155.2013.6.29,10.7,44.0,QC,6.0,0.0,MANOUANE EST,0.0,26.1,706I155,12.1,2013.0,0.0,-2.2,0.0,1.0
27,367131,QC,51.3614,-68.7197,2013-06-28,0.4,L,intensive,Boreal Shield East,"(51.3614, -68.7197)","50.65638888888889,-70.53194444444445",-70.53194444444445,50.65638888888889,90.66666666666667,28.0,706I155.2013.6.28,12.5,44.0,QC,6.0,0.0,MANOUANE EST,0.0,26.1,706I155,27.5,2013.0,0.0,2.4,0.0,1.0
28,367169,QC,51.9628,-71.9533,2012-06-04,207.8,L,nordique,Boreal Shield East,"(51.9628, -71.9533)","51.5325,-71.11083333333333",-71.11083333333333,51.5325,67.0,4.0,706I001.2012.6.4,13.8,20.0,QC,6.0,0.0,LAC BENOIT,0.0,26.1,706I001,27.5,2012.0,0.0,-2.2,0.0,1.0
29,367187,QC,51.02,-76.48309999999998,2011-07-19,3.0,L,intensive,Boreal Shield East,"(51.02, -76.48309999999998)","49.757783333333336,-77.79307222222222",-77.79307222222222,49.757783333333336,81.0,19.0,7094637.2011.7.19,17.7,44.0,QC,7.0,0.0,MATAGAMI,0.0,26.1,7094637,27.5,2011.0,0.0,-2.2,0.0,1.0
30,367188,QC,50.0092,-75.64579999999998,2011-07-19,3.2,L,intensive,Boreal Shield East,"(50.0092, -75.64579999999998)","49.8225,-74.97527777777778",-74.97527777777778,49.8225,90.66666666666667,19.0,7091299.2011.7.19,13.8,44.0,QC,7.0,0.0,CHAPAIS,0.0,26.1,7091299,27.5,2011.0,0.0,-2.2,0.0,1.0
31,367189,QC,50.6122,-75.5339,2012-05-14,5838.6,L,intensive,Boreal Shield East,"(50.6122, -75.5339)","49.8225,-74.97527777777778",-74.97527777777778,49.8225,78.0,14.0,7091299.2012.5.14,9.053333333333335,44.0,QC,5.0,0.0,CHAPAIS,43.0,26.1,7091299,27.5,2012.0,0.0,8.8,0.0,1.0
32,367190,QC,50.7761,-75.8306,2012-05-14,2554.2,L,intensive,Boreal Shield East,"(50.7761, -75.8306)","49.8225,-74.97527777777778",-74.97527777777778,49.8225,78.0,14.0,7091299.2012.5.14,9.053333333333335,44.0,QC,5.0,0.0,CHAPAIS,43.0,26.1,7091299,27.5,2012.0,0.0,8.8,0.0,1.0
33,367191,QC,50.565,-75.3164,2012-05-14,7.7,L,intensive,Boreal Shield East,"(50.565, -75.3164)","49.8225,-74.97527777777778",-74.97527777777778,49.8225,78.0,14.0,7091299.2012.5.14,9.053333333333335,44.0,QC,5.0,0.0,CHAPAIS,43.0,26.1,7091299,27.5,2012.0,0.0,8.8,0.0,1.0
34,367192,QC,50.3114,-75.3011,2012-06-01,26.3,L,intensive,Boreal Shield East,"(50.3114, -75.3011)","49.8225,-74.97527777777778",-74.97527777777778,49.8225,87.0,1.0,7091299.2012.6.1,18.80666666666667,60.13333333333333,QC,6.0,0.0,CHAPAIS,0.0,26.1,7091299,27.5,2012.0,0.0,-2.2,0.0,1.0
35,367195,QC,50.0603,-76.215,2012-06-04,8.7,L,intensive,Boreal Shield East,"(50.0603, -76.215)","49.8225,-74.97527777777778",-74.97527777777778,49.8225,90.66666666666667,4.0,7091299.2012.6.4,14.0,65.3,QC,6.0,0.0,CHAPAIS,0.0,26.1,7091299,27.5,2012.0,0.0,-2.2,0.0,1.0
36,367196,QC,50.6556,-75.3206,2013-06-02,0.9,L,intensive,Boreal Shield East,"(50.6556, -75.3206)","49.8225,-74.97527777777778",-74.97527777777778,49.8225,90.66666666666667,2.0,7091299.2013.6.2,12.8,44.0,QC,6.0,0.0,CHAPAIS,50.0,22.4,7091299,27.5,2013.0,0.0,-2.2,0.0,1.0
37,367198,QC,50.4447,-74.87439999999998,2013-06-02,0.1,L,intensive,Boreal Shield East,"(50.4447, -74.87439999999998)","49.8225,-74.97527777777778",-74.97527777777778,49.8225,90.66666666666667,2.0,7091299.2013.6.2,12.8,44.0,QC,6.0,0.0,CHAPAIS,50.0,22.4,7091299,27.5,2013.0,0.0,-2.2,0.0,1.0
38,367199,QC,50.0803,-76.0189,2013-06-02,0.0,L,intensive,Boreal Shield East,"(50.0803, -76.0189)","49.8225,-74.97527777777778",-74.97527777777778,49.8225,90.66666666666667,2.0,7091299.2013.6.2,12.8,44.0,QC,6.0,0.0,CHAPAIS,50.0,22.4,7091299,27.5,2013.0,0.0,-2.2,0.0,1.0
39,367201,QC,51.7969,-75.6028,2013-06-02,115414.1,L,nordique,Boreal Shield East,"(51.7969, -75.6028)","49.8225,-74.97527777777778",-74.97527777777778,49.8225,90.66666666666667,2.0,7091299.2013.6.2,12.8,44.0,QC,6.0,0.0,CHAPAIS,50.0,22.4,7091299,27.5,2013.0,0.0,-2.2,0.0,1.0
40,367202,QC,50.2608,-75.3208,2013-06-02,0.1,L,intensive,Boreal Shield East,"(50.2608, -75.3208)","49.8225,-74.97527777777778",-74.97527777777778,49.8225,90.66666666666667,2.0,7091299.2013.6.2,12.8,44.0,QC,6.0,0.0,CHAPAIS,50.0,22.4,7091299,27.5,2013.0,0.0,-2.2,0.0,1.0
41,367203,QC,50.6319,-75.5608,2013-06-02,4.7,L,intensive,Boreal Shield East,"(50.6319, -75.5608)","49.8225,-74.97527777777778",-74.97527777777778,49.8225,90.66666666666667,2.0,7091299.2013.6.2,12.8,44.0,QC,6.0,0.0,CHAPAIS,50.0,22.4,7091299,27.5,2013.0,0.0,-2.2,0.0,1.0
42,367204,QC,51.4556,-75.5056,2013-06-02,124605.5,L,nordique,Boreal Shield East,"(51.4556, -75.5056)","49.8225,-74.97527777777778",-74.97527777777778,49.8225,90.66666666666667,2.0,7091299.2013.6.2,12.8,44.0,QC,6.0,0.0,CHAPAIS,50.0,22.4,7091299,27.5,2013.0,0.0,-2.2,0.0,1.0
43,367206,QC,51.1644,-76.41249999999998,2013-06-05,208.0,L,nordique,Boreal Shield East,"(51.1644, -76.41249999999998)","49.8225,-74.97527777777778",-74.97527777777778,49.8225,90.66666666666667,5.0,7091299.2013.6.5,7.8,60.13333333333333,QC,6.0,0.0,CHAPAIS,32.0,26.1,7091299,15.7,2013.0,0.0,-2.2,0.0,1.0
44,367207,QC,51.2325,-75.6222,2013-06-05,5289.0,L,nordique,Boreal Shield East,"(51.2325, -75.6222)","49.8225,-74.97527777777778",-74.97527777777778,49.8225,90.66666666666667,5.0,7091299.2013.6.5,7.8,60.13333333333333,QC,6.0,0.0,CHAPAIS,32.0,26.1,7091299,15.7,2013.0,0.0,-2.2,0.0,1.0
45,367209,QC,51.2217,-74.9514,2013-06-07,38768.7,L,nordique,Boreal Shield East,"(51.2217, -74.9514)","49.8225,-74.97527777777778",-74.97527777777778,49.8225,81.0,7.0,7091299.2013.6.7,12.6,44.0,QC,6.0,0.0,CHAPAIS,0.0,26.1,7091299,27.5,2013.0,0.0,2.4,0.0,1.0
46,367210,QC,51.1447,-76.53749999999998,2013-06-28,178.0,L,intensive,Boreal Shield East,"(51.1447, -76.53749999999998)","49.757783333333336,-77.79307222222222",-77.79307222222222,49.757783333333336,90.66666666666667,28.0,7094637.2013.6.28,9.093333333333334,44.0,QC,6.0,0.0,MATAGAMI,32.0,26.1,7094637,18.8,2013.0,0.0,-2.2,0.0,1.0
47,367245,QC,51.4617,-62.8189,2011-07-11,1.9,L,nordique,Boreal Shield East,"(51.4617, -62.8189)","51.86722222222223,-63.28361111111112",-63.28361111111112,51.86722222222223,90.66666666666667,11.0,704C64L.2011.7.11,14.0,44.0,QC,7.0,0.0,LAC EON,0.0,17.3,704C64L,27.5,2011.0,0.0,-2.2,0.0,1.0
48,367247,QC,51.0844,-61.3219,2013-06-28,50727.1,L,nordique,Boreal Shield East,"(51.0844, -61.3219)","50.19000111111111,-61.81083361111112",-61.81083361111112,50.19000111111111,96.72303206997084,28.0,7045401.2013.6.28,8.4,48.486326198051195,QC,6.0,0.0,NATASHQUAN AIRPORT,35.9,26.1,7045401,15.9,2013.0,0.0,-2.2,0.0,1.0
49,367248,QC,51.3461,-62.4439,2013-06-28,45135.3,L,nordique,Boreal Shield East,"(51.3461, -62.4439)","51.86722222222223,-63.28361111111112",-63.28361111111112,51.86722222222223,90.66666666666667,28.0,704C64L.2013.6.28,12.8,51.17741935483871,QC,6.0,0.0,LAC EON,0.0,26.1,704C64L,27.5,2013.0,0.0,-2.2,0.0,1.0
50,367249,QC,51.3014,-61.6969,2013-06-28,10367.6,L,nordique,Boreal Shield East,"(51.3014, -61.6969)","50.19000111111111,-61.81083361111112",-61.81083361111112,50.19000111111111,96.72303206997084,28.0,7045401.2013.6.28,8.4,48.486326198051195,QC,6.0,0.0,NATASHQUAN AIRPORT,35.9,26.1,7045401,15.9,2013.0,0.0,-2.2,0.0,1.0
51,367250,QC,51.4439,-61.6306,2013-06-28,21365.0,L,nordique,Boreal Shield East,"(51.4439, -61.6306)","50.19000111111111,-61.81083361111112",-61.81083361111112,50.19000111111111,96.72303206997084,28.0,7045401.2013.6.28,8.4,48.486326198051195,QC,6.0,0.0,NATASHQUAN AIRPORT,35.9,26.1,7045401,15.9,2013.0,0.0,-2.2,0.0,1.0
52,367251,QC,51.7519,-61.4492,2013-06-28,6629.6,L,nordique,Boreal Shield East,"(51.7519, -61.4492)","50.19000111111111,-61.81083361111112",-61.81083361111112,50.19000111111111,96.72303206997084,28.0,7045401.2013.6.28,8.4,48.486326198051195,QC,6.0,0.0,NATASHQUAN AIRPORT,35.9,26.1,7045401,15.9,2013.0,0.0,-2.2,0.0,1.0
53,367252,QC,51.9761,-61.7428,2013-06-29,4937.7,L,nordique,Boreal Shield East,"(51.9761, -61.7428)","51.86722222222223,-63.28361111111112",-63.28361111111112,51.86722222222223,90.66666666666667,29.0,704C64L.2013.6.29,9.7,49.666666666666664,QC,6.0,0.0,LAC EON,0.0,26.1,704C64L,12.0,2013.0,0.0,-2.2,0.0,1.0
54,367253,QC,51.3069,-61.3247,2013-06-28,668.7,L,nordique,Boreal Shield East,"(51.3069, -61.3247)","50.19000111111111,-61.81083361111112",-61.81083361111112,50.19000111111111,96.72303206997084,28.0,7045401.2013.6.28,8.4,48.486326198051195,QC,6.0,0.0,NATASHQUAN AIRPORT,35.9,26.1,7045401,15.9,2013.0,0.0,-2.2,0.0,1.0
55,367301,QC,50.8283,-70.5842,2011-05-25,49.2,L,intensive,Boreal Shield East,"(50.8283, -70.5842)","50.65638888888889,-70.53194444444445",-70.53194444444445,50.65638888888889,90.66666666666667,25.0,706I155.2011.5.25,4.9,44.0,QC,5.0,0.0,MANOUANE EST,0.0,26.1,706I155,10.6,2011.0,0.0,-2.2,0.0,1.0
56,367302,QC,50.7636,-70.4153,2011-06-07,2.8,L,intensive,Boreal Shield East,"(50.7636, -70.4153)","50.65638888888889,-70.53194444444445",-70.53194444444445,50.65638888888889,90.66666666666667,7.0,706I155.2011.6.7,12.9,49.666666666666664,QC,6.0,0.0,MANOUANE EST,0.0,7.6,706I155,17.8,2011.0,0.0,8.0,0.0,1.0
57,367316,QC,51.2414,-71.8794,2012-06-01,3.8,L,intensive,Boreal Shield East,"(51.2414, -71.8794)","51.5325,-71.11083333333333",-71.11083333333333,51.5325,90.66666666666667,1.0,706I001.2012.6.1,10.2,44.0,QC,6.0,0.0,LAC BENOIT,0.0,26.1,706I001,27.5,2012.0,0.0,-2.2,0.0,1.0
58,367317,QC,51.3478,-71.6164,2012-06-01,6.7,L,intensive,Boreal Shield East,"(51.3478, -71.6164)","51.5325,-71.11083333333333",-71.11083333333333,51.5325,90.66666666666667,1.0,706I001.2012.6.1,10.2,44.0,QC,6.0,0.0,LAC BENOIT,0.0,26.1,706I001,27.5,2012.0,0.0,-2.2,0.0,1.0
59,367318,QC,51.5694,-71.4139,2012-06-01,29.0,L,nordique,Boreal Shield East,"(51.5694, -71.4139)","51.5325,-71.11083333333333",-71.11083333333333,51.5325,90.66666666666667,1.0,706I001.2012.6.1,10.2,44.0,QC,6.0,0.0,LAC BENOIT,0.0,26.1,706I001,27.5,2012.0,0.0,-2.2,0.0,1.0
60,367320,QC,50.8353,-71.5392,2013-06-06,21.1,L,intensive,Boreal Shield East,"(50.8353, -71.5392)","50.72888888888889,-71.01305555555555",-71.01305555555555,50.72888888888889,90.66666666666667,6.0,7060826.2013.6.6,7.1,44.0,QC,6.0,0.0,BONNARD 1,0.0,26.1,7060826,15.3,2013.0,0.0,-2.2,0.0,1.0
61,367321,QC,50.9483,-71.2778,2013-06-06,0.0,L,intensive,Boreal Shield East,"(50.9483, -71.2778)","50.72888888888889,-71.01305555555555",-71.01305555555555,50.72888888888889,90.66666666666667,6.0,7060826.2013.6.6,7.1,44.0,QC,6.0,0.0,BONNARD 1,0.0,26.1,7060826,15.3,2013.0,0.0,-2.2,0.0,1.0
62,367322,QC,50.8231,-71.9125,2013-06-06,0.1,L,intensive,Boreal Shield East,"(50.8231, -71.9125)","50.72888888888889,-71.01305555555555",-71.01305555555555,50.72888888888889,90.66666666666667,6.0,7060826.2013.6.6,7.1,44.0,QC,6.0,0.0,BONNARD 1,0.0,26.1,7060826,15.3,2013.0,0.0,-2.2,0.0,1.0
63,367372,QC,51.4528,-65.6192,2013-06-27,0.0,L,nordique,Taiga Shield East,"(51.4528, -65.6192)","50.21666666666667,-66.25",-66.25,50.21666666666667,90.66666666666667,27.0,7047914.2013.6.27,8.8,44.0,QC,6.0,0.0,SEPT-ILES,0.0,26.1,7047914,15.2,2013.0,0.0,2.4,0.0,1.0
64,367378,QC,50.2897,-66.0792,2013-06-29,70.6,L,intensive,Boreal Shield East,"(50.2897, -66.0792)","50.21666666666667,-66.25",-66.25,50.21666666666667,90.66666666666667,29.0,7047914.2013.6.29,10.4,45.20038759689922,QC,6.0,0.0,SEPT-ILES,43.0,31.1,7047914,11.6,2013.0,0.0,-2.2,0.0,1.0
65,367381,QC,50.47,-65.9747,2013-06-29,0.1,L,nordique,Boreal Shield East,"(50.47, -65.9747)","50.21666666666667,-66.25",-66.25,50.21666666666667,90.66666666666667,29.0,7047914.2013.6.29,10.4,45.20038759689922,QC,6.0,0.0,SEPT-ILES,43.0,31.1,7047914,11.6,2013.0,0.0,-2.2,0.0,1.0
66,367417,QC,50.5783,-70.3472,2011-06-01,23.6,L,intensive,Boreal Shield East,"(50.5783, -70.3472)","50.65638888888889,-70.53194444444445",-70.53194444444445,50.65638888888889,90.66666666666667,1.0,706I155.2011.6.1,11.086666666666668,44.0,QC,6.0,0.0,MANOUANE EST,0.0,1.4,706I155,27.5,2011.0,0.0,-2.2,0.0,1.0
67,367418,QC,50.8678,-69.775,2011-06-07,0.7,L,intensive,Boreal Shield East,"(50.8678, -69.775)","50.65638888888889,-70.53194444444445",-70.53194444444445,50.65638888888889,90.66666666666667,7.0,706I155.2011.6.7,12.9,49.666666666666664,QC,6.0,0.0,MANOUANE EST,0.0,7.6,706I155,17.8,2011.0,0.0,8.0,0.0,1.0
68,367419,QC,51.1528,-69.5806,2011-06-07,0.1,L,intensive,Boreal Shield East,"(51.1528, -69.5806)","50.65638888888889,-70.53194444444445",-70.53194444444445,50.65638888888889,90.66666666666667,7.0,706I155.2011.6.7,12.9,49.666666666666664,QC,6.0,0.0,MANOUANE EST,0.0,7.6,706I155,17.8,2011.0,0.0,8.0,0.0,1.0
69,367430,QC,50.3867,-63.1175,2011-07-11,2.9,L,nordique,Boreal Shield East,"(50.3867, -63.1175)","50.22083333333333,-64.20722222222223",-64.20722222222223,50.22083333333333,90.66666666666667,11.0,7043B79.2011.7.11,12.3,81.0,QC,7.0,0.0,ILE AUX PERROQUETS,0.0,26.1,7043B79,15.0,2011.0,0.0,-2.2,0.0,1.0
70,367434,QC,50.2969,-65.9481,2012-07-17,0.0,L,intensive,Boreal Shield East,"(50.2969, -65.9481)","50.21666666666667,-66.25",-66.25,50.21666666666667,90.66666666666667,17.0,7047914.2012.7.17,14.526666666666667,40.06666666666667,QC,7.0,0.0,SEPT-ILES,0.0,26.1,7047914,27.5,2012.0,0.0,8.6,0.0,1.0
71,367435,QC,50.2808,-65.8647,2012-07-17,0.7,L,intensive,Boreal Shield East,"(50.2808, -65.8647)","50.21666666666667,-66.25",-66.25,50.21666666666667,90.66666666666667,17.0,7047914.2012.7.17,14.526666666666667,40.06666666666667,QC,7.0,0.0,SEPT-ILES,0.0,26.1,7047914,27.5,2012.0,0.0,8.6,0.0,1.0
72,367441,QC,50.5414,-62.7967,2013-06-28,48400.0,L,nordique,Boreal Shield East,"(50.5414, -62.7967)","50.19000111111111,-61.81083361111112",-61.81083361111112,50.19000111111111,96.72303206997084,28.0,7045401.2013.6.28,8.4,48.486326198051195,QC,6.0,0.0,NATASHQUAN AIRPORT,35.9,26.1,7045401,15.9,2013.0,0.0,-2.2,0.0,1.0
73,367473,QC,50.0047,-76.6717,2011-07-04,0.8,L,intensive,Boreal Shield East,"(50.0047, -76.6717)","49.757783333333336,-77.79307222222222",-77.79307222222222,49.757783333333336,90.66666666666667,4.0,7094637.2011.7.4,16.14,57.24166666666667,QC,7.0,0.0,MATAGAMI,48.0,26.1,7094637,19.6,2011.0,0.0,-2.2,0.0,1.0
74,367474,QC,50.9994,-76.5378,2011-07-19,0.7,L,intensive,Boreal Shield East,"(50.9994, -76.5378)","49.757783333333336,-77.79307222222222",-77.79307222222222,49.757783333333336,81.0,19.0,7094637.2011.7.19,17.7,44.0,QC,7.0,0.0,MATAGAMI,0.0,26.1,7094637,27.5,2011.0,0.0,-2.2,0.0,1.0
75,367475,QC,50.4203,-77.5369,2011-07-28,0.6,L,intensive,Boreal Shield East,"(50.4203, -77.5369)","49.757783333333336,-77.79307222222222",-77.79307222222222,49.757783333333336,84.0,28.0,7094637.2011.7.28,9.093333333333334,44.0,QC,7.0,0.0,MATAGAMI,44.0,1.4,7094637,27.5,2011.0,0.0,11.6,0.0,1.0
76,367476,QC,50.1839,-77.6303,2011-07-30,4.0,L,intensive,Boreal Shield East,"(50.1839, -77.6303)","49.757783333333336,-77.79307222222222",-77.79307222222222,49.757783333333336,90.66666666666667,30.0,7094637.2011.7.30,12.8,44.0,QC,7.0,0.0,MATAGAMI,0.0,26.1,7094637,27.5,2011.0,0.0,-2.2,0.0,1.0
77,367477,QC,50.4286,-76.61579999999998,2011-07-29,1.9,L,intensive,Boreal Shield East,"(50.4286, -76.61579999999998)","49.757783333333336,-77.79307222222222",-77.79307222222222,49.757783333333336,90.66666666666667,29.0,7094637.2011.7.29,5.6066666666666665,44.0,QC,7.0,0.0,MATAGAMI,41.0,26.1,7094637,27.5,2011.0,0.0,11.1,0.0,1.0
78,367481,QC,50.0997,-77.39,2011-07-30,0.0,L,intensive,Boreal Shield East,"(50.0997, -77.39)","49.757783333333336,-77.79307222222222",-77.79307222222222,49.757783333333336,90.66666666666667,30.0,7094637.2011.7.30,12.8,44.0,QC,7.0,0.0,MATAGAMI,0.0,26.1,7094637,27.5,2011.0,0.0,-2.2,0.0,1.0
79,367484,QC,50.8275,-76.0733,2013-06-02,86.29999999999998,L,intensive,Boreal Shield East,"(50.8275, -76.0733)","49.8225,-74.97527777777778",-74.97527777777778,49.8225,90.66666666666667,2.0,7091299.2013.6.2,12.8,44.0,QC,6.0,0.0,CHAPAIS,50.0,22.4,7091299,27.5,2013.0,0.0,-2.2,0.0,1.0
80,367485,QC,50.7406,-76.4603,2013-06-02,5.1,L,intensive,Boreal Shield East,"(50.7406, -76.4603)","49.757783333333336,-77.79307222222222",-77.79307222222222,49.757783333333336,90.66666666666667,2.0,7094637.2013.6.2,8.2,96.0,QC,6.0,0.0,MATAGAMI,59.0,26.6,7094637,14.0,2013.0,0.0,2.4,0.0,1.0
81,367486,QC,50.7664,-76.06919999999998,2013-06-02,2734.2,L,intensive,Boreal Shield East,"(50.7664, -76.06919999999998)","49.8225,-74.97527777777778",-74.97527777777778,49.8225,90.66666666666667,2.0,7091299.2013.6.2,12.8,44.0,QC,6.0,0.0,CHAPAIS,50.0,22.4,7091299,27.5,2013.0,0.0,-2.2,0.0,1.0
82,367487,QC,51.1094,-76.7861,2013-06-02,30149.5,L,nordique,Boreal Shield East,"(51.1094, -76.7861)","49.757783333333336,-77.79307222222222",-77.79307222222222,49.757783333333336,90.66666666666667,2.0,7094637.2013.6.2,8.2,96.0,QC,6.0,0.0,MATAGAMI,59.0,26.6,7094637,14.0,2013.0,0.0,2.4,0.0,1.0
83,367488,QC,50.7378,-76.44469999999998,2013-06-02,1.3,L,intensive,Boreal Shield East,"(50.7378, -76.44469999999998)","49.757783333333336,-77.79307222222222",-77.79307222222222,49.757783333333336,90.66666666666667,2.0,7094637.2013.6.2,8.2,96.0,QC,6.0,0.0,MATAGAMI,59.0,26.6,7094637,14.0,2013.0,0.0,2.4,0.0,1.0
84,367489,QC,50.6106,-76.97889999999998,2013-06-04,0.5,L,intensive,Boreal Shield East,"(50.6106, -76.97889999999998)","49.757783333333336,-77.79307222222222",-77.79307222222222,49.757783333333336,90.66666666666667,4.0,7094637.2013.6.4,2.9,44.0,QC,6.0,0.0,MATAGAMI,44.0,26.1,7094637,7.1,2013.0,0.0,-2.2,0.0,1.0
85,367490,QC,50.9136,-76.25499999999998,2013-06-05,87.0,L,intensive,Boreal Shield East,"(50.9136, -76.25499999999998)","49.8225,-74.97527777777778",-74.97527777777778,49.8225,90.66666666666667,5.0,7091299.2013.6.5,7.8,60.13333333333333,QC,6.0,0.0,CHAPAIS,32.0,26.1,7091299,15.7,2013.0,0.0,-2.2,0.0,1.0
86,367491,QC,50.8622,-77.19029999999998,2013-06-05,2.9,L,intensive,Boreal Shield East,"(50.8622, -77.19029999999998)","49.757783333333336,-77.79307222222222",-77.79307222222222,49.757783333333336,90.66666666666667,5.0,7094637.2013.6.5,6.0,44.0,QC,6.0,0.0,MATAGAMI,35.0,26.1,7094637,14.5,2013.0,0.0,-2.2,0.0,1.0
87,367492,QC,51.0181,-76.29779999999998,2013-06-05,13.2,L,intensive,Boreal Shield East,"(51.0181, -76.29779999999998)","49.8225,-74.97527777777778",-74.97527777777778,49.8225,90.66666666666667,5.0,7091299.2013.6.5,7.8,60.13333333333333,QC,6.0,0.0,CHAPAIS,32.0,26.1,7091299,15.7,2013.0,0.0,-2.2,0.0,1.0
88,367494,QC,50.4644,-77.6044,2013-06-16,32.7,L,intensive,Boreal Shield East,"(50.4644, -77.6044)","49.757783333333336,-77.79307222222222",-77.79307222222222,49.757783333333336,90.66666666666667,16.0,7094637.2013.6.16,9.0,44.0,QC,6.0,0.0,MATAGAMI,0.0,26.1,7094637,12.7,2013.0,0.0,-2.2,0.0,1.0
89,367495,QC,50.2608,-76.79689999999998,2013-06-18,9.8,L,intensive,Boreal Shield East,"(50.2608, -76.79689999999998)","49.757783333333336,-77.79307222222222",-77.79307222222222,49.757783333333336,90.66666666666667,18.0,7094637.2013.6.18,6.5,44.0,QC,6.0,0.0,MATAGAMI,35.0,26.1,7094637,13.0,2013.0,0.0,-2.2,0.0,1.0
90,367496,QC,50.7536,-76.03499999999998,2013-06-27,19257.1,L,intensive,Boreal Shield East,"(50.7536, -76.03499999999998)","49.8225,-74.97527777777778",-74.97527777777778,49.8225,90.66666666666667,27.0,7091299.2013.6.27,11.6,37.2,QC,6.0,0.0,CHAPAIS,0.0,26.1,7091299,15.2,2013.0,0.0,-2.2,0.0,1.0
91,367512,QC,50.3389,-77.83499999999998,2011-07-28,0.5,L,intensive,Boreal Shield East,"(50.3389, -77.83499999999998)","49.757783333333336,-77.79307222222222",-77.79307222222222,49.757783333333336,84.0,28.0,7094637.2011.7.28,9.093333333333334,44.0,QC,7.0,0.0,MATAGAMI,44.0,1.4,7094637,27.5,2011.0,0.0,11.6,0.0,1.0
92,367513,QC,50.2136,-77.8844,2011-07-30,0.2,L,intensive,Boreal Shield East,"(50.2136, -77.8844)","49.757783333333336,-77.79307222222222",-77.79307222222222,49.757783333333336,90.66666666666667,30.0,7094637.2011.7.30,12.8,44.0,QC,7.0,0.0,MATAGAMI,0.0,26.1,7094637,27.5,2011.0,0.0,-2.2,0.0,1.0
93,367514,QC,49.9644,-78.6528,2011-08-10,0.3,L,intensive,Boreal Shield East,"(49.9644, -78.6528)","49.757783333333336,-77.79307222222222",-77.79307222222222,49.757783333333336,90.66666666666667,10.0,7094637.2011.8.10,9.053333333333335,44.0,QC,8.0,0.0,MATAGAMI,32.0,27.0,7094637,27.5,2011.0,0.0,-1.6,0.0,1.0
94,367519,QC,50.0056,-79.0694,2013-06-29,38.7,L,intensive,Boreal Shield East,"(50.0056, -79.0694)","49.757783333333336,-77.79307222222222",-77.79307222222222,49.757783333333336,85.0,29.0,7094637.2013.6.29,9.093333333333334,44.0,QC,6.0,0.0,MATAGAMI,35.0,26.1,7094637,27.5,2013.0,0.0,-2.2,0.0,1.0
95,367520,QC,50.1131,-78.89579999999998,2013-06-29,3.9,L,intensive,Boreal Shield East,"(50.1131, -78.89579999999998)","49.757783333333336,-77.79307222222222",-77.79307222222222,49.757783333333336,85.0,29.0,7094637.2013.6.29,9.093333333333334,44.0,QC,6.0,0.0,MATAGAMI,35.0,26.1,7094637,27.5,2013.0,0.0,-2.2,0.0,1.0
96,367531,QC,50.4194,-69.6597,2011-07-16,169.0,L,intensive,Boreal Shield East,"(50.4194, -69.6597)","50.65638888888889,-70.53194444444445",-70.53194444444445,50.65638888888889,90.66666666666667,16.0,706I155.2011.7.16,9.093333333333334,44.0,QC,7.0,0.0,MANOUANE EST,0.0,26.1,706I155,27.5,2011.0,0.0,-2.2,0.0,1.0
97,367533,QC,50.4806,-69.2897,2012-07-16,4.0,L,intensive,Boreal Shield East,"(50.4806, -69.2897)","50.65638888888889,-70.53194444444445",-70.53194444444445,50.65638888888889,90.66666666666667,16.0,706I155.2012.7.16,9.093333333333334,44.0,QC,7.0,0.0,MANOUANE EST,0.0,26.1,706I155,27.5,2012.0,0.0,-2.2,0.0,1.0
98,367535,QC,51.0378,-69.6367,2013-06-06,0.2,L,nordique,Boreal Shield East,"(51.0378, -69.6367)","50.65638888888889,-70.53194444444445",-70.53194444444445,50.65638888888889,85.0,6.0,706I155.2013.6.6,7.5,44.0,QC,6.0,0.0,MANOUANE EST,0.0,26.1,706I155,14.2,2013.0,0.0,0.8,0.0,1.0
99,367539,QC,50.4028,-69.5214,2013-06-29,288.0,L,intensive,Boreal Shield East,"(50.4028, -69.5214)","50.65638888888889,-70.53194444444445",-70.53194444444445,50.65638888888889,90.66666666666667,29.0,706I155.2013.6.29,10.7,44.0,QC,6.0,0.0,MANOUANE EST,0.0,26.1,706I155,12.1,2013.0,0.0,-2.2,0.0,1.0
100,367575,QC,50.1222,-70.0133,2011-06-07,32.0,L,intensive,Boreal Shield East,"(50.1222, -70.0133)","50.65638888888889,-70.53194444444445",-70.53194444444445,50.65638888888889,90.66666666666667,7.0,706I155.2011.6.7,12.9,49.666666666666664,QC,6.0,0.0,MANOUANE EST,0.0,7.6,706I155,17.8,2011.0,0.0,8.0,0.0,1.0
101,367576,QC,49.9367,-70.05,2011-06-07,0.1,L,intensive,Boreal Shield East,"(49.9367, -70.05)","50.65638888888889,-70.53194444444445",-70.53194444444445,50.65638888888889,90.66666666666667,7.0,706I155.2011.6.7,12.9,49.666666666666664,QC,6.0,0.0,MANOUANE EST,0.0,7.6,706I155,17.8,2011.0,0.0,8.0,0.0,1.0
102,367577,QC,49.8514,-70.0178,2011-06-07,0.1,L,intensive,Boreal Shield East,"(49.8514, -70.0178)","50.65638888888889,-70.53194444444445",-70.53194444444445,50.65638888888889,90.66666666666667,7.0,706I155.2011.6.7,12.9,49.666666666666664,QC,6.0,0.0,MANOUANE EST,0.0,7.6,706I155,17.8,2011.0,0.0,8.0,0.0,1.0
103,367578,QC,50.1572,-70.7008,2011-06-07,473.1,L,intensive,Boreal Shield East,"(50.1572, -70.7008)","50.65638888888889,-70.53194444444445",-70.53194444444445,50.65638888888889,90.66666666666667,7.0,706I155.2011.6.7,12.9,49.666666666666664,QC,6.0,0.0,MANOUANE EST,0.0,7.6,706I155,17.8,2011.0,0.0,8.0,0.0,1.0
104,367580,QC,49.5889,-69.9806,2011-06-07,26.4,L,intensive,Boreal Shield East,"(49.5889, -69.9806)","50.65638888888889,-70.53194444444445",-70.53194444444445,50.65638888888889,90.66666666666667,7.0,706I155.2011.6.7,12.9,49.666666666666664,QC,6.0,0.0,MANOUANE EST,0.0,7.6,706I155,17.8,2011.0,0.0,8.0,0.0,1.0
105,367586,QC,49.6786,-71.2875,2011-07-30,2.5,L,intensive,Boreal Shield East,"(49.6786, -71.2875)","49.84027777777778,-71.16833333333334",-71.16833333333334,49.84027777777778,90.66666666666667,30.0,7061541.2011.7.30,15.4,44.0,QC,7.0,0.0,CHUTE-DES-PASSES,0.0,26.1,7061541,22.0,2011.0,0.0,-2.2,0.0,1.0
106,367589,QC,49.8275,-71.1081,2011-08-23,0.0,L,intensive,Boreal Shield East,"(49.8275, -71.1081)","49.84027777777778,-71.16833333333334",-71.16833333333334,49.84027777777778,90.66666666666667,23.0,7061541.2011.8.23,12.4,38.333333333333336,QC,8.0,0.0,CHUTE-DES-PASSES,0.0,26.1,7061541,15.9,2011.0,0.0,8.8,0.0,1.0
107,367594,QC,49.6483,-72.4833,2012-06-04,5.8,L,intensive,Boreal Shield East,"(49.6483, -72.4833)","48.84166666666667,-72.54694444444445",-72.54694444444445,48.84166666666667,90.66666666666667,4.0,7065639.2012.6.4,9.093333333333334,44.0,QC,6.0,0.0,NORMANDIN,0.0,26.1,7065639,27.5,2012.0,0.0,-2.2,0.0,1.0
108,367595,QC,49.7261,-71.3653,2012-06-01,0.1,L,intensive,Boreal Shield East,"(49.7261, -71.3653)","49.84027777777778,-71.16833333333334",-71.16833333333334,49.84027777777778,90.66666666666667,1.0,7061541.2012.6.1,10.9,60.13333333333333,QC,6.0,0.0,CHUTE-DES-PASSES,0.0,26.1,7061541,27.5,2012.0,0.0,-2.2,0.0,1.0
109,367596,QC,49.5208,-71.3822,2012-06-01,1.0,L,intensive,Boreal Shield East,"(49.5208, -71.3822)","49.84027777777778,-71.16833333333334",-71.16833333333334,49.84027777777778,90.66666666666667,1.0,7061541.2012.6.1,10.9,60.13333333333333,QC,6.0,0.0,CHUTE-DES-PASSES,0.0,26.1,7061541,27.5,2012.0,0.0,-2.2,0.0,1.0
110,367647,QC,49.0819,-75.98359999999998,2011-06-09,0.2,L,intensive,Boreal Shield East,"(49.0819, -75.98359999999998)","49.8225,-74.97527777777778",-74.97527777777778,49.8225,86.5,9.0,7091299.2011.6.9,10.6,44.0,QC,6.0,0.0,CHAPAIS,0.0,26.1,7091299,15.9,2011.0,0.0,5.2,0.0,1.0
111,367649,QC,49.6731,-74.7431,2011-07-24,0.0,L,intensive,Boreal Shield East,"(49.6731, -74.7431)","49.766666666666666,-74.53333333333333",-74.53333333333333,49.766666666666666,87.0,24.0,7091404.2011.7.24,9.093333333333334,65.3,QC,7.0,0.0,CHIBOUGAMAU CHAPAIS A,0.0,26.1,7091404,22.3,2011.0,0.0,8.0,0.0,1.0
112,367650,QC,49.7817,-77.2069,2011-07-29,0.0,L,intensive,Boreal Shield East,"(49.7817, -77.2069)","49.757783333333336,-77.79307222222222",-77.79307222222222,49.757783333333336,90.66666666666667,29.0,7094637.2011.7.29,5.6066666666666665,44.0,QC,7.0,0.0,MATAGAMI,41.0,26.1,7094637,27.5,2011.0,0.0,11.1,0.0,1.0
113,367658,QC,49.5469,-74.9111,2012-07-16,1.8,L,intensive,Boreal Shield East,"(49.5469, -74.9111)","49.8225,-74.97527777777778",-74.97527777777778,49.8225,90.66666666666667,16.0,7091299.2012.7.16,17.7,44.0,QC,7.0,0.0,CHAPAIS,0.0,26.1,7091299,27.5,2012.0,0.0,-2.2,0.0,1.0
114,367662,QC,50.1275,-74.9139,2013-06-02,0.0,L,intensive,Boreal Shield East,"(50.1275, -74.9139)","49.8225,-74.97527777777778",-74.97527777777778,49.8225,90.66666666666667,2.0,7091299.2013.6.2,12.8,44.0,QC,6.0,0.0,CHAPAIS,50.0,22.4,7091299,27.5,2013.0,0.0,-2.2,0.0,1.0
115,367663,QC,49.3167,-75.1225,2013-06-13,1.5,L,intensive,Boreal Shield East,"(49.3167, -75.1225)","49.8225,-74.97527777777778",-74.97527777777778,49.8225,90.66666666666667,13.0,7091299.2013.6.13,16.1,44.0,QC,6.0,0.0,CHAPAIS,33.0,26.1,7091299,25.2,2013.0,0.0,-2.2,0.0,1.0
116,367853,QC,48.0658,-79.41809999999998,2012-07-03,0.5,L,intensive,Boreal Shield East,"(48.0658, -79.41809999999998)","48.24583333333333,-79.03416666666666",-79.03416666666666,48.24583333333333,90.66666666666667,3.0,7086716.2012.7.3,18.5,38.333333333333336,QC,7.0,0.0,ROUYN,35.0,26.1,7086716,23.3,2012.0,0.0,-2.2,0.0,1.0
117,367855,QC,48.1644,-79.5172,2012-07-01,0.0,L,intensive,Boreal Shield East,"(48.1644, -79.5172)","48.24583333333333,-79.03416666666666",-79.03416666666666,48.24583333333333,90.66666666666667,1.0,7086716.2012.7.1,17.6,44.0,QC,7.0,0.0,ROUYN,44.0,17.3,7086716,27.5,2012.0,0.0,-1.6,0.0,1.0
118,367856,QC,48.0986,-79.5133,2012-07-03,0.0,L,intensive,Boreal Shield East,"(48.0986, -79.5133)","48.24583333333333,-79.03416666666666",-79.03416666666666,48.24583333333333,90.66666666666667,3.0,7086716.2012.7.3,18.5,38.333333333333336,QC,7.0,0.0,ROUYN,35.0,26.1,7086716,23.3,2012.0,0.0,-2.2,0.0,1.0
119,367872,QC,49.7253,-78.3819,2013-05-29,47.0,L,intensive,Boreal Shield East,"(49.7253, -78.3819)","49.757783333333336,-77.79307222222222",-77.79307222222222,49.757783333333336,90.66666666666667,29.0,7094637.2013.5.29,11.2,38.333333333333336,QC,5.0,0.0,MATAGAMI,35.0,26.1,7094637,15.0,2013.0,0.0,-2.2,0.0,1.0
120,367873,QC,49.7781,-77.3889,2013-05-29,24.2,L,intensive,Boreal Shield East,"(49.7781, -77.3889)","49.757783333333336,-77.79307222222222",-77.79307222222222,49.757783333333336,90.66666666666667,29.0,7094637.2013.5.29,11.2,38.333333333333336,QC,5.0,0.0,MATAGAMI,35.0,26.1,7094637,15.0,2013.0,0.0,-2.2,0.0,1.0
121,367880,QC,49.7036,-77.6333,2013-06-25,0.0,L,intensive,Boreal Shield East,"(49.7036, -77.6333)","49.757783333333336,-77.79307222222222",-77.79307222222222,49.757783333333336,90.66666666666667,25.0,7094637.2013.6.25,13.22,44.0,QC,6.0,0.0,MATAGAMI,32.0,26.1,7094637,27.5,2013.0,0.0,-2.2,0.0,1.0
122,368044,QC,49.055,-72.7281,2011-07-06,0.0,L,intensive,Boreal Shield East,"(49.055, -72.7281)","48.84166666666667,-72.54694444444445",-72.54694444444445,48.84166666666667,90.66666666666667,6.0,7065639.2011.7.6,9.093333333333334,49.666666666666664,QC,7.0,0.0,NORMANDIN,0.0,3.7,7065639,27.5,2011.0,0.0,-2.2,0.0,1.0
123,368048,QC,48.6694,-71.115,2012-07-22,0.2,L,intensive,Boreal Shield East,"(48.6694, -71.115)","48.89416666666666,-71.03166666666667",-71.03166666666667,48.89416666666666,90.66666666666667,22.0,7065738.2012.7.22,17.333333333333332,44.0,QC,7.0,0.0,ONATCHIWAY,0.0,26.1,7065738,27.5,2012.0,0.0,-2.2,0.0,1.0
124,368080,QC,48.3369,-69.7672,2011-07-06,0.1,L,intensive,Boreal Shield East,"(48.3369, -69.7672)","48.13555555555556,-69.71638888888889",-69.71638888888889,48.13555555555556,90.66666666666667,6.0,7046059.2011.7.6,15.4,77.0,QC,7.0,0.0,POINTE DE L'ISLET,37.0,26.1,7046059,19.4,2011.0,0.0,-2.2,0.0,1.0
125,368139,QC,48.6694,-75.53029999999998,2011-07-09,1.4,L,intensive,Boreal Shield East,"(48.6694, -75.53029999999998)","47.922224444444446,-74.62416861111112",-74.62416861111112,47.922224444444446,90.66666666666667,9.0,7075800.2011.7.9,9.093333333333334,44.0,QC,7.0,0.0,PARENT,0.0,26.1,7075800,22.0,2011.0,0.0,-2.2,0.0,1.0
126,368140,QC,48.6667,-75.83329999999998,2012-05-10,0.0,L,intensive,Boreal Shield East,"(48.6667, -75.83329999999998)","47.922224444444446,-74.62416861111112",-74.62416861111112,47.922224444444446,90.66666666666667,10.0,7075800.2012.5.10,5.1,81.0,QC,5.0,0.0,PARENT,35.0,3.6,7075800,7.9,2012.0,0.0,2.2,0.0,1.0
127,368141,QC,48.6992,-75.1778,2012-05-10,139.4,L,intensive,Boreal Shield East,"(48.6992, -75.1778)","47.922224444444446,-74.62416861111112",-74.62416861111112,47.922224444444446,90.66666666666667,10.0,7075800.2012.5.10,5.1,81.0,QC,5.0,0.0,PARENT,35.0,3.6,7075800,7.9,2012.0,0.0,2.2,0.0,1.0
128,368142,QC,48.4681,-76.1422,2012-05-10,85.0,L,intensive,Boreal Shield East,"(48.4681, -76.1422)","47.922224444444446,-74.62416861111112",-74.62416861111112,47.922224444444446,90.66666666666667,10.0,7075800.2012.5.10,5.1,81.0,QC,5.0,0.0,PARENT,35.0,3.6,7075800,7.9,2012.0,0.0,2.2,0.0,1.0
129,368144,QC,48.4817,-76.1519,2012-05-10,5.0,L,intensive,Boreal Shield East,"(48.4817, -76.1519)","47.922224444444446,-74.62416861111112",-74.62416861111112,47.922224444444446,90.66666666666667,10.0,7075800.2012.5.10,5.1,81.0,QC,5.0,0.0,PARENT,35.0,3.6,7075800,7.9,2012.0,0.0,2.2,0.0,1.0
130,368145,QC,48.2906,-75.6547,2012-06-18,0.8,L,intensive,Boreal Shield East,"(48.2906, -75.6547)","47.922224444444446,-74.62416861111112",-74.62416861111112,47.922224444444446,90.66666666666667,18.0,7075800.2012.6.18,9.093333333333334,44.0,QC,6.0,0.0,PARENT,0.0,26.1,7075800,27.5,2012.0,0.0,-2.2,0.0,1.0
131,368147,QC,48.8586,-75.35939999999998,2012-06-25,0.1,L,intensive,Boreal Shield East,"(48.8586, -75.35939999999998)","49.8225,-74.97527777777778",-74.97527777777778,49.8225,90.66666666666667,25.0,7091299.2012.6.25,9.093333333333334,37.2,QC,6.0,0.0,CHAPAIS,33.0,26.1,7091299,14.7,2012.0,0.0,-2.2,0.0,1.0
132,368148,QC,48.2961,-75.8572,2012-07-02,0.2,L,intensive,Boreal Shield East,"(48.2961, -75.8572)","47.922224444444446,-74.62416861111112",-74.62416861111112,47.922224444444446,90.66666666666667,2.0,7075800.2012.7.2,14.526666666666667,57.24166666666667,QC,7.0,0.0,PARENT,35.0,26.1,7075800,27.5,2012.0,0.0,8.0,0.0,1.0
133,368149,QC,48.45,-75.1247,2012-07-01,1.1,L,intensive,Boreal Shield East,"(48.45, -75.1247)","47.922224444444446,-74.62416861111112",-74.62416861111112,47.922224444444446,90.66666666666667,1.0,7075800.2012.7.1,9.093333333333334,44.0,QC,7.0,0.0,PARENT,0.0,26.1,7075800,27.5,2012.0,0.0,11.1,0.0,1.0
134,368151,QC,48.4878,-75.6931,2012-07-03,0.0,L,intensive,Boreal Shield East,"(48.4878, -75.6931)","47.922224444444446,-74.62416861111112",-74.62416861111112,47.922224444444446,90.66666666666667,3.0,7075800.2012.7.3,9.093333333333334,44.0,QC,7.0,0.0,PARENT,0.0,26.1,7075800,27.5,2012.0,0.0,-2.2,0.0,1.0
135,368152,QC,48.4258,-75.71609999999998,2012-07-01,12.9,L,intensive,Boreal Shield East,"(48.4258, -75.71609999999998)","47.922224444444446,-74.62416861111112",-74.62416861111112,47.922224444444446,90.66666666666667,1.0,7075800.2012.7.1,9.093333333333334,44.0,QC,7.0,0.0,PARENT,0.0,26.1,7075800,27.5,2012.0,0.0,11.1,0.0,1.0
136,368153,QC,48.815,-74.9606,2012-07-02,0.0,L,intensive,Boreal Shield East,"(48.815, -74.9606)","47.922224444444446,-74.62416861111112",-74.62416861111112,47.922224444444446,90.66666666666667,2.0,7075800.2012.7.2,14.526666666666667,57.24166666666667,QC,7.0,0.0,PARENT,35.0,26.1,7075800,27.5,2012.0,0.0,8.0,0.0,1.0
137,368154,QC,48.4275,-74.59749999999998,2012-07-11,0.3,L,intensive,Boreal Shield East,"(48.4275, -74.59749999999998)","47.922224444444446,-74.62416861111112",-74.62416861111112,47.922224444444446,90.66666666666667,11.0,7075800.2012.7.11,9.093333333333334,44.0,QC,7.0,0.0,PARENT,33.0,26.1,7075800,27.5,2012.0,0.0,-2.2,0.0,1.0
138,368165,QC,48.6069,-75.1808,2013-06-01,1.3,L,intensive,Boreal Shield East,"(48.6069, -75.1808)","47.922224444444446,-74.62416861111112",-74.62416861111112,47.922224444444446,90.66666666666667,1.0,7075800.2013.6.1,17.6,38.333333333333336,QC,6.0,0.0,PARENT,0.0,26.1,7075800,27.5,2013.0,0.0,13.1,0.0,1.0
139,368311,QC,47.9028,-73.7192,2011-07-09,0.2,L,intensive,Boreal Shield East,"(47.9028, -73.7192)","47.922224444444446,-74.62416861111112",-74.62416861111112,47.922224444444446,90.66666666666667,9.0,7075800.2011.7.9,9.093333333333334,44.0,QC,7.0,0.0,PARENT,0.0,26.1,7075800,22.0,2011.0,0.0,-2.2,0.0,1.0
140,368319,QC,48.1919,-73.54559999999998,2012-07-14,0.0,L,intensive,Boreal Shield East,"(48.1919, -73.54559999999998)","47.41111111111111,-72.7875",-72.7875,47.41111111111111,90.66666666666667,14.0,707DBD4.2012.7.14,9.093333333333334,44.0,QC,7.0,0.0,LA TUQUE,33.0,26.1,707DBD4,27.5,2012.0,0.0,-2.2,0.0,1.0
141,368323,QC,48.1222,-73.2633,2012-07-21,0.5,L,intensive,Boreal Shield East,"(48.1222, -73.2633)","47.41111111111111,-72.7875",-72.7875,47.41111111111111,90.66666666666667,21.0,707DBD4.2012.7.21,18.5,44.0,QC,7.0,0.0,LA TUQUE,32.0,26.1,707DBD4,27.5,2012.0,0.0,-2.2,0.0,1.0
142,368326,QC,48.0586,-73.13859999999998,2013-05-20,0.0,L,intensive,Boreal Shield East,"(48.0586, -73.13859999999998)","47.41111111111111,-72.7875",-72.7875,47.41111111111111,90.66666666666667,20.0,707DBD4.2013.5.20,9.093333333333334,44.0,QC,5.0,0.0,LA TUQUE,0.0,26.1,707DBD4,20.9,2013.0,0.0,-2.2,0.0,1.0
143,368392,QC,48.22,-74.7108,2012-07-21,1.8,L,intensive,Boreal Shield East,"(48.22, -74.7108)","47.922224444444446,-74.62416861111112",-74.62416861111112,47.922224444444446,90.66666666666667,21.0,7075800.2012.7.21,9.093333333333334,44.0,QC,7.0,0.0,PARENT,0.0,26.1,7075800,27.5,2012.0,0.0,-2.2,0.0,1.0
144,368395,QC,47.7725,-74.43859999999998,2012-07-31,0.7,L,intensive,Boreal Shield East,"(47.7725, -74.43859999999998)","47.922224444444446,-74.62416861111112",-74.62416861111112,47.922224444444446,90.66666666666667,31.0,7075800.2012.7.31,22.4,65.3,QC,7.0,0.0,PARENT,32.0,26.1,7075800,27.5,2012.0,0.0,2.2,0.0,1.0
145,368418,QC,48.1544,-75.5686,2012-05-19,0.0,L,intensive,Boreal Shield East,"(48.1544, -75.5686)","47.922224444444446,-74.62416861111112",-74.62416861111112,47.922224444444446,90.66666666666667,19.0,7075800.2012.5.19,9.093333333333334,44.0,QC,5.0,0.0,PARENT,0.0,26.1,7075800,27.5,2012.0,0.0,-2.2,0.0,1.0
146,368419,QC,48.2064,-75.96219999999998,2012-06-07,0.0,L,intensive,Boreal Shield East,"(48.2064, -75.96219999999998)","47.922224444444446,-74.62416861111112",-74.62416861111112,47.922224444444446,90.66666666666667,7.0,7075800.2012.6.7,17.006666666666668,44.0,QC,6.0,0.0,PARENT,0.0,6.2,7075800,27.5,2012.0,0.0,-2.2,0.0,1.0
147,368420,QC,48.2869,-75.73919999999998,2012-06-28,0.0,L,intensive,Boreal Shield East,"(48.2869, -75.73919999999998)","47.922224444444446,-74.62416861111112",-74.62416861111112,47.922224444444446,90.66666666666667,28.0,7075800.2012.6.28,13.406666666666666,44.0,QC,6.0,0.0,PARENT,0.0,26.1,7075800,27.5,2012.0,0.0,-2.2,0.0,1.0
148,368424,QC,48.305,-75.7564,2012-07-20,0.1,L,intensive,Boreal Shield East,"(48.305, -75.7564)","47.922224444444446,-74.62416861111112",-74.62416861111112,47.922224444444446,90.66666666666667,20.0,7075800.2012.7.20,9.093333333333334,44.0,QC,7.0,0.0,PARENT,0.0,26.1,7075800,27.5,2012.0,0.0,-2.2,0.0,1.0
149,368425,QC,47.8783,-75.49079999999998,2012-07-14,21.8,L,intensive,Boreal Shield East,"(47.8783, -75.49079999999998)","47.922224444444446,-74.62416861111112",-74.62416861111112,47.922224444444446,90.66666666666667,14.0,7075800.2012.7.14,15.953333333333335,45.666666666666664,QC,7.0,0.0,PARENT,0.0,26.1,7075800,27.5,2012.0,0.0,-2.4,0.0,1.0
150,368431,QC,47.8919,-75.5189,2013-06-27,8.8,L,intensive,Boreal Shield East,"(47.8919, -75.5189)","47.922224444444446,-74.62416861111112",-74.62416861111112,47.922224444444446,90.66666666666667,27.0,7075800.2013.6.27,12.5,82.0,QC,6.0,0.0,PARENT,0.0,26.1,7075800,14.9,2013.0,0.0,-2.2,0.0,1.0
151,368433,QC,48.1392,-76.10469999999998,2013-07-17,0.0,L,intensive,Boreal Shield East,"(48.1392, -76.10469999999998)","47.922224444444446,-74.62416861111112",-74.62416861111112,47.922224444444446,90.66666666666667,17.0,7075800.2013.7.17,9.093333333333334,44.0,QC,7.0,0.0,PARENT,35.0,48.9,7075800,27.5,2013.0,0.0,18.2,0.0,1.0
152,368471,QC,47.6714,-70.8861,2012-07-27,2.0,L,intensive,Boreal Shield East,"(47.6714, -70.8861)","47.28416666666666,-70.6375",-70.6375,47.28416666666666,85.0,27.0,7041312.2012.7.27,15.0,44.0,QC,7.0,0.0,CHARLEVOIX (MRC),0.0,26.1,7041312,20.4,2012.0,0.0,-2.2,0.0,1.0
153,368553,QC,47.91,-79.3844,2012-05-16,0.8,L,intensive,Boreal Shield East,"(47.91, -79.3844)","48.24583333333333,-79.03416666666666",-79.03416666666666,48.24583333333333,90.66666666666667,16.0,7086716.2012.5.16,9.2,44.0,QC,5.0,0.0,ROUYN,43.0,26.1,7086716,15.9,2012.0,0.0,2.5,0.0,1.0
154,368598,QC,47.8175,-72.8392,2011-08-15,0.0,L,intensive,Boreal Shield East,"(47.8175, -72.8392)","47.41111111111111,-72.7875",-72.7875,47.41111111111111,90.66666666666667,15.0,707DBD4.2011.8.15,17.186666666666667,44.0,QC,8.0,0.0,LA TUQUE,0.0,26.1,707DBD4,27.5,2011.0,0.0,-2.2,0.0,1.0
155,368603,QC,47.5792,-72.6333,2012-06-25,0.0,L,intensive,Boreal Shield East,"(47.5792, -72.6333)","47.41111111111111,-72.7875",-72.7875,47.41111111111111,90.66666666666667,25.0,707DBD4.2012.6.25,9.093333333333334,30.296194824961947,QC,6.0,0.0,LA TUQUE,0.0,26.1,707DBD4,19.5,2012.0,0.0,2.7,0.0,1.0
156,368604,QC,47.7583,-72.8378,2012-06-29,0.1,L,intensive,Boreal Shield East,"(47.7583, -72.8378)","47.41111111111111,-72.7875",-72.7875,47.41111111111111,90.66666666666667,29.0,707DBD4.2012.6.29,13.366666666666667,44.0,QC,6.0,0.0,LA TUQUE,54.0,26.1,707DBD4,27.5,2012.0,0.0,-2.4,0.0,1.0
157,368606,QC,47.3461,-73.70359999999998,2012-07-27,0.5,L,intensive,Boreal Shield East,"(47.3461, -73.70359999999998)","46.815558333333335,-74.09390277777777",-74.09390277777777,46.815558333333335,95.84375,27.0,7077571.2012.7.27,9.093333333333334,59.90625,QC,7.0,0.0,SAINT-MICHEL-DES-SAINTS,0.0,26.1,7077571,27.5,2012.0,0.0,8.8,0.0,1.0
158,368609,QC,48.0,-73.12779999999998,2012-08-22,0.0,L,intensive,Boreal Shield East,"(48.0, -73.12779999999998)","47.41111111111111,-72.7875",-72.7875,47.41111111111111,90.66666666666667,22.0,707DBD4.2012.8.22,17.1,34.43731343283582,QC,8.0,0.0,LA TUQUE,0.0,26.1,707DBD4,27.5,2012.0,0.0,-2.2,0.0,1.0
159,368613,QC,47.9994,-72.9531,2013-07-12,0.0,L,intensive,Boreal Shield East,"(47.9994, -72.9531)","47.41111111111111,-72.7875",-72.7875,47.41111111111111,90.66666666666667,12.0,707DBD4.2013.7.12,9.093333333333334,44.0,QC,7.0,0.0,LA TUQUE,0.0,26.1,707DBD4,27.5,2013.0,0.0,-2.2,0.0,1.0
160,368751,QC,47.3397,-74.0344,2011-06-25,0.0,L,intensive,Boreal Shield East,"(47.3397, -74.0344)","46.815558333333335,-74.09390277777777",-74.09390277777777,46.815558333333335,90.66666666666667,25.0,7077571.2011.6.25,14.0,92.90400000000001,QC,6.0,0.0,SAINT-MICHEL-DES-SAINTS,0.0,9.4,7077571,17.2,2011.0,0.0,-2.2,0.0,1.0
161,368758,QC,47.0933,-74.2633,2012-06-19,0.0,L,intensive,Boreal Shield East,"(47.0933, -74.2633)","46.815558333333335,-74.09390277777777",-74.09390277777777,46.815558333333335,90.66666666666667,19.0,7077571.2012.6.19,17.7,40.06666666666667,QC,6.0,0.0,SAINT-MICHEL-DES-SAINTS,32.0,26.1,7077571,27.5,2012.0,0.0,13.7,0.0,1.0
162,368761,QC,47.5333,-73.95749999999998,2012-07-14,0.2,L,intensive,Boreal Shield East,"(47.5333, -73.95749999999998)","46.815558333333335,-74.09390277777777",-74.09390277777777,46.815558333333335,90.66666666666667,14.0,7077571.2012.7.14,9.093333333333334,44.0,QC,7.0,0.0,SAINT-MICHEL-DES-SAINTS,0.0,26.1,7077571,27.5,2012.0,0.0,-2.2,0.0,1.0
163,368763,QC,47.1158,-74.2556,2012-07-12,0.1,L,intensive,Boreal Shield East,"(47.1158, -74.2556)","46.815558333333335,-74.09390277777777",-74.09390277777777,46.815558333333335,81.0,12.0,7077571.2012.7.12,9.093333333333334,44.0,QC,7.0,0.0,SAINT-MICHEL-DES-SAINTS,39.0,26.1,7077571,27.5,2012.0,0.0,11.7,0.0,1.0
164,368769,QC,47.3014,-73.66639999999998,2012-07-21,0.1,L,intensive,Boreal Shield East,"(47.3014, -73.66639999999998)","46.815558333333335,-74.09390277777777",-74.09390277777777,46.815558333333335,90.66666666666667,21.0,7077571.2012.7.21,9.093333333333334,65.3,QC,7.0,0.0,SAINT-MICHEL-DES-SAINTS,0.0,26.1,7077571,27.5,2012.0,0.0,-2.2,0.0,1.0
165,368773,QC,47.2325,-74.0,2012-08-16,0.6,L,intensive,Boreal Shield East,"(47.2325, -74.0)","46.815558333333335,-74.09390277777777",-74.09390277777777,46.815558333333335,90.66666666666667,16.0,7077571.2012.8.16,9.093333333333334,44.0,QC,8.0,0.0,SAINT-MICHEL-DES-SAINTS,0.0,26.1,7077571,27.5,2012.0,0.0,9.4,0.0,1.0
166,368774,QC,47.3292,-74.1983,2012-08-16,0.0,L,intensive,Boreal Shield East,"(47.3292, -74.1983)","46.815558333333335,-74.09390277777777",-74.09390277777777,46.815558333333335,90.66666666666667,16.0,7077571.2012.8.16,9.093333333333334,44.0,QC,8.0,0.0,SAINT-MICHEL-DES-SAINTS,0.0,26.1,7077571,27.5,2012.0,0.0,9.4,0.0,1.0
167,368852,QC,47.1058,-78.6006,2011-06-27,0.0,L,intensive,Boreal Shield East,"(47.1058, -78.6006)","46.70972222222223,-79.10111111111111",-79.10111111111111,46.70972222222223,90.66666666666667,27.0,7080468.2011.6.27,11.146666666666668,44.0,QC,6.0,0.0,BARRAGE TEMISCAMINGUE,0.0,26.1,7080468,27.5,2011.0,0.0,-2.2,0.0,1.0
168,368853,QC,46.6803,-78.4542,2011-06-27,0.1,L,intensive,Boreal Shield East,"(46.6803, -78.4542)","46.70972222222223,-79.10111111111111",-79.10111111111111,46.70972222222223,90.66666666666667,27.0,7080468.2011.6.27,11.146666666666668,44.0,QC,6.0,0.0,BARRAGE TEMISCAMINGUE,0.0,26.1,7080468,27.5,2011.0,0.0,-2.2,0.0,1.0
169,368869,QC,46.7092,-78.9397,2011-09-09,0.1,L,intensive,Boreal Shield East,"(46.7092, -78.9397)","46.70972222222223,-79.10111111111111",-79.10111111111111,46.70972222222223,90.66666666666667,9.0,7080468.2011.9.9,18.5,44.0,QC,9.0,0.0,BARRAGE TEMISCAMINGUE,0.0,26.1,7080468,27.5,2011.0,0.0,-2.2,0.0,1.0
170,368888,QC,46.7619,-78.9567,2012-05-10,0.0,L,intensive,Boreal Shield East,"(46.7619, -78.9567)","46.70972222222223,-79.10111111111111",-79.10111111111111,46.70972222222223,90.66666666666667,10.0,7080468.2012.5.10,8.2,60.13333333333333,QC,5.0,0.0,BARRAGE TEMISCAMINGUE,50.0,26.1,7080468,14.6,2012.0,0.0,1.7,0.0,1.0
171,368890,QC,46.4536,-78.5831,2012-05-10,4.6,L,intensive,Boreal Shield East,"(46.4536, -78.5831)","46.70972222222223,-79.10111111111111",-79.10111111111111,46.70972222222223,90.66666666666667,10.0,7080468.2012.5.10,8.2,60.13333333333333,QC,5.0,0.0,BARRAGE TEMISCAMINGUE,50.0,26.1,7080468,14.6,2012.0,0.0,1.7,0.0,1.0
172,368891,QC,46.7469,-78.6378,2012-05-09,1.6,L,intensive,Boreal Shield East,"(46.7469, -78.6378)","46.70972222222223,-79.10111111111111",-79.10111111111111,46.70972222222223,90.66666666666667,9.0,7080468.2012.5.9,6.0,77.0,QC,5.0,0.0,BARRAGE TEMISCAMINGUE,35.0,26.1,7080468,9.3,2012.0,0.0,2.7,0.0,1.0
173,368892,QC,46.6203,-78.7561,2012-05-09,13.7,L,intensive,Boreal Shield East,"(46.6203, -78.7561)","46.70972222222223,-79.10111111111111",-79.10111111111111,46.70972222222223,90.66666666666667,9.0,7080468.2012.5.9,6.0,77.0,QC,5.0,0.0,BARRAGE TEMISCAMINGUE,35.0,26.1,7080468,9.3,2012.0,0.0,2.7,0.0,1.0
174,368893,QC,46.95,-78.67359999999998,2012-05-09,5.3,L,intensive,Boreal Shield East,"(46.95, -78.67359999999998)","46.70972222222223,-79.10111111111111",-79.10111111111111,46.70972222222223,90.66666666666667,9.0,7080468.2012.5.9,6.0,77.0,QC,5.0,0.0,BARRAGE TEMISCAMINGUE,35.0,26.1,7080468,9.3,2012.0,0.0,2.7,0.0,1.0
175,368896,QC,47.1258,-78.5,2012-05-08,0.6,L,intensive,Boreal Shield East,"(47.1258, -78.5)","46.70972222222223,-79.10111111111111",-79.10111111111111,46.70972222222223,90.66666666666667,8.0,7080468.2012.5.8,13.4,44.0,QC,5.0,0.0,BARRAGE TEMISCAMINGUE,0.0,26.1,7080468,18.8,2012.0,0.0,8.0,0.0,1.0
176,368902,QC,46.9717,-78.93559999999998,2012-05-15,0.1,L,intensive,Boreal Shield East,"(46.9717, -78.93559999999998)","46.70972222222223,-79.10111111111111",-79.10111111111111,46.70972222222223,90.66666666666667,15.0,7080468.2012.5.15,9.093333333333334,21.0,QC,5.0,0.0,BARRAGE TEMISCAMINGUE,50.0,26.1,7080468,27.5,2012.0,0.0,-2.2,0.0,1.0
177,368905,QC,47.0603,-79.37309999999998,2012-06-05,0.2,L,intensive,Boreal Shield East,"(47.0603, -79.37309999999998)","46.70972222222223,-79.10111111111111",-79.10111111111111,46.70972222222223,90.66666666666667,5.0,7080468.2012.6.5,17.1,60.13333333333333,QC,6.0,0.0,BARRAGE TEMISCAMINGUE,39.0,26.1,7080468,27.5,2012.0,0.0,9.4,0.0,1.0
178,368906,QC,47.2644,-78.885,2012-06-04,0.1,L,intensive,Boreal Shield East,"(47.2644, -78.885)","46.70972222222223,-79.10111111111111",-79.10111111111111,46.70972222222223,90.66666666666667,4.0,7080468.2012.6.4,15.1,44.0,QC,6.0,0.0,BARRAGE TEMISCAMINGUE,0.0,26.1,7080468,27.5,2012.0,0.0,-2.2,0.0,1.0
179,368907,QC,47.0853,-79.3467,2012-06-05,0.0,L,intensive,Boreal Shield East,"(47.0853, -79.3467)","46.70972222222223,-79.10111111111111",-79.10111111111111,46.70972222222223,90.66666666666667,5.0,7080468.2012.6.5,17.1,60.13333333333333,QC,6.0,0.0,BARRAGE TEMISCAMINGUE,39.0,26.1,7080468,27.5,2012.0,0.0,9.4,0.0,1.0
180,368908,QC,47.0369,-79.34279999999998,2012-06-05,0.2,L,intensive,Boreal Shield East,"(47.0369, -79.34279999999998)","46.70972222222223,-79.10111111111111",-79.10111111111111,46.70972222222223,90.66666666666667,5.0,7080468.2012.6.5,17.1,60.13333333333333,QC,6.0,0.0,BARRAGE TEMISCAMINGUE,39.0,26.1,7080468,27.5,2012.0,0.0,9.4,0.0,1.0
181,368909,QC,47.2297,-78.97499999999998,2012-06-04,0.2,L,intensive,Boreal Shield East,"(47.2297, -78.97499999999998)","46.70972222222223,-79.10111111111111",-79.10111111111111,46.70972222222223,90.66666666666667,4.0,7080468.2012.6.4,15.1,44.0,QC,6.0,0.0,BARRAGE TEMISCAMINGUE,0.0,26.1,7080468,27.5,2012.0,0.0,-2.2,0.0,1.0
182,368911,QC,46.9708,-78.9089,2012-06-11,0.1,L,intensive,Boreal Shield East,"(46.9708, -78.9089)","46.70972222222223,-79.10111111111111",-79.10111111111111,46.70972222222223,90.66666666666667,11.0,7080468.2012.6.11,13.620000000000001,44.0,QC,6.0,0.0,BARRAGE TEMISCAMINGUE,44.0,26.1,7080468,27.5,2012.0,0.0,13.1,0.0,1.0
183,368912,QC,46.9781,-78.9197,2012-06-11,0.2,L,intensive,Boreal Shield East,"(46.9781, -78.9197)","46.70972222222223,-79.10111111111111",-79.10111111111111,46.70972222222223,90.66666666666667,11.0,7080468.2012.6.11,13.620000000000001,44.0,QC,6.0,0.0,BARRAGE TEMISCAMINGUE,44.0,26.1,7080468,27.5,2012.0,0.0,13.1,0.0,1.0
184,368915,QC,47.1739,-78.9578,2012-06-26,0.3,L,intensive,Boreal Shield East,"(47.1739, -78.9578)","46.70972222222223,-79.10111111111111",-79.10111111111111,46.70972222222223,90.66666666666667,26.0,7080468.2012.6.26,9.093333333333334,60.13333333333333,QC,6.0,0.0,BARRAGE TEMISCAMINGUE,41.0,26.1,7080468,23.0,2012.0,0.0,-2.2,0.0,1.0
185,368918,QC,46.8469,-78.5558,2012-06-20,2.2,L,intensive,Boreal Shield East,"(46.8469, -78.5558)","46.70972222222223,-79.10111111111111",-79.10111111111111,46.70972222222223,90.66666666666667,20.0,7080468.2012.6.20,9.093333333333334,44.0,QC,6.0,0.0,BARRAGE TEMISCAMINGUE,41.0,26.1,7080468,27.5,2012.0,0.0,-2.2,0.0,1.0
186,368919,QC,46.9769,-79.0781,2012-07-02,0.1,L,intensive,Boreal Shield East,"(46.9769, -79.0781)","46.70972222222223,-79.10111111111111",-79.10111111111111,46.70972222222223,90.66666666666667,2.0,7080468.2012.7.2,9.093333333333334,44.0,QC,7.0,0.0,BARRAGE TEMISCAMINGUE,32.0,26.1,7080468,27.5,2012.0,0.0,-2.2,0.0,1.0
187,368943,QC,46.5361,-78.7044,2012-07-10,0.0,L,intensive,Boreal Shield East,"(46.5361, -78.7044)","46.70972222222223,-79.10111111111111",-79.10111111111111,46.70972222222223,90.66666666666667,10.0,7080468.2012.7.10,9.093333333333334,44.0,QC,7.0,0.0,BARRAGE TEMISCAMINGUE,0.0,26.1,7080468,25.1,2012.0,0.0,11.6,0.0,1.0
188,368944,QC,47.0083,-79.29,2012-07-10,0.0,L,intensive,Boreal Shield East,"(47.0083, -79.29)","46.70972222222223,-79.10111111111111",-79.10111111111111,46.70972222222223,90.66666666666667,10.0,7080468.2012.7.10,9.093333333333334,44.0,QC,7.0,0.0,BARRAGE TEMISCAMINGUE,0.0,26.1,7080468,25.1,2012.0,0.0,11.6,0.0,1.0
189,368946,QC,46.5108,-78.9294,2012-07-10,2.0,L,intensive,Boreal Shield East,"(46.5108, -78.9294)","46.70972222222223,-79.10111111111111",-79.10111111111111,46.70972222222223,90.66666666666667,10.0,7080468.2012.7.10,9.093333333333334,44.0,QC,7.0,0.0,BARRAGE TEMISCAMINGUE,0.0,26.1,7080468,25.1,2012.0,0.0,11.6,0.0,1.0
190,368950,QC,46.8875,-78.6272,2012-07-10,0.1,L,intensive,Boreal Shield East,"(46.8875, -78.6272)","46.70972222222223,-79.10111111111111",-79.10111111111111,46.70972222222223,90.66666666666667,10.0,7080468.2012.7.10,9.093333333333334,44.0,QC,7.0,0.0,BARRAGE TEMISCAMINGUE,0.0,26.1,7080468,25.1,2012.0,0.0,11.6,0.0,1.0
191,368951,QC,47.1178,-78.8442,2012-07-08,0.0,L,intensive,Boreal Shield East,"(47.1178, -78.8442)","46.70972222222223,-79.10111111111111",-79.10111111111111,46.70972222222223,84.0,8.0,7080468.2012.7.8,9.093333333333334,44.0,QC,7.0,0.0,BARRAGE TEMISCAMINGUE,0.0,26.1,7080468,27.5,2012.0,0.0,-2.2,0.0,1.0
192,368953,QC,46.5047,-78.77859999999998,2012-07-10,0.1,L,intensive,Boreal Shield East,"(46.5047, -78.77859999999998)","46.70972222222223,-79.10111111111111",-79.10111111111111,46.70972222222223,90.66666666666667,10.0,7080468.2012.7.10,9.093333333333334,44.0,QC,7.0,0.0,BARRAGE TEMISCAMINGUE,0.0,26.1,7080468,25.1,2012.0,0.0,11.6,0.0,1.0
193,368957,QC,47.1856,-78.5158,2012-07-10,0.0,L,intensive,Boreal Shield East,"(47.1856, -78.5158)","46.70972222222223,-79.10111111111111",-79.10111111111111,46.70972222222223,90.66666666666667,10.0,7080468.2012.7.10,9.093333333333334,44.0,QC,7.0,0.0,BARRAGE TEMISCAMINGUE,0.0,26.1,7080468,25.1,2012.0,0.0,11.6,0.0,1.0
194,368959,QC,47.1819,-78.5544,2012-07-09,0.0,L,intensive,Boreal Shield East,"(47.1819, -78.5544)","46.70972222222223,-79.10111111111111",-79.10111111111111,46.70972222222223,90.66666666666667,9.0,7080468.2012.7.9,9.093333333333334,44.0,QC,7.0,0.0,BARRAGE TEMISCAMINGUE,0.0,26.1,7080468,27.5,2012.0,0.0,-2.2,0.0,1.0
195,368960,QC,47.2128,-79.0978,2012-07-09,1.0,L,intensive,Boreal Shield East,"(47.2128, -79.0978)","46.70972222222223,-79.10111111111111",-79.10111111111111,46.70972222222223,90.66666666666667,9.0,7080468.2012.7.9,9.093333333333334,44.0,QC,7.0,0.0,BARRAGE TEMISCAMINGUE,0.0,26.1,7080468,27.5,2012.0,0.0,-2.2,0.0,1.0
196,368961,QC,46.5522,-78.6444,2012-07-09,0.1,L,intensive,Boreal Shield East,"(46.5522, -78.6444)","46.70972222222223,-79.10111111111111",-79.10111111111111,46.70972222222223,90.66666666666667,9.0,7080468.2012.7.9,9.093333333333334,44.0,QC,7.0,0.0,BARRAGE TEMISCAMINGUE,0.0,26.1,7080468,27.5,2012.0,0.0,-2.2,0.0,1.0
197,368964,QC,47.0783,-79.16939999999998,2012-07-09,1.5,L,intensive,Boreal Shield East,"(47.0783, -79.16939999999998)","46.70972222222223,-79.10111111111111",-79.10111111111111,46.70972222222223,90.66666666666667,9.0,7080468.2012.7.9,9.093333333333334,44.0,QC,7.0,0.0,BARRAGE TEMISCAMINGUE,0.0,26.1,7080468,27.5,2012.0,0.0,-2.2,0.0,1.0
198,368965,QC,46.9528,-78.70279999999998,2012-07-09,0.1,L,intensive,Boreal Shield East,"(46.9528, -78.70279999999998)","46.70972222222223,-79.10111111111111",-79.10111111111111,46.70972222222223,90.66666666666667,9.0,7080468.2012.7.9,9.093333333333334,44.0,QC,7.0,0.0,BARRAGE TEMISCAMINGUE,0.0,26.1,7080468,27.5,2012.0,0.0,-2.2,0.0,1.0
199,368967,QC,47.2225,-78.82139999999998,2012-07-17,0.0,L,intensive,Boreal Shield East,"(47.2225, -78.82139999999998)","46.70972222222223,-79.10111111111111",-79.10111111111111,46.70972222222223,90.66666666666667,17.0,7080468.2012.7.17,9.093333333333334,44.0,QC,7.0,0.0,BARRAGE TEMISCAMINGUE,0.0,26.1,7080468,27.5,2012.0,0.0,17.0,0.0,1.0
200,368968,QC,47.0406,-78.5597,2012-07-17,0.0,L,intensive,Boreal Shield East,"(47.0406, -78.5597)","46.70972222222223,-79.10111111111111",-79.10111111111111,46.70972222222223,90.66666666666667,17.0,7080468.2012.7.17,9.093333333333334,44.0,QC,7.0,0.0,BARRAGE TEMISCAMINGUE,0.0,26.1,7080468,27.5,2012.0,0.0,17.0,0.0,1.0
201,368975,QC,46.6042,-78.9156,2012-08-02,0.0,L,intensive,Boreal Shield East,"(46.6042, -78.9156)","46.70972222222223,-79.10111111111111",-79.10111111111111,46.70972222222223,90.66666666666667,2.0,7080468.2012.8.2,9.093333333333334,44.0,QC,8.0,0.0,BARRAGE TEMISCAMINGUE,39.0,26.1,7080468,27.5,2012.0,0.0,-2.2,0.0,1.0
202,368984,QC,46.6122,-78.5128,2012-08-30,0.0,L,intensive,Boreal Shield East,"(46.6122, -78.5128)","46.70972222222223,-79.10111111111111",-79.10111111111111,46.70972222222223,90.66666666666667,30.0,7080468.2012.8.30,9.093333333333334,44.0,QC,8.0,0.0,BARRAGE TEMISCAMINGUE,48.0,26.1,7080468,27.5,2012.0,0.0,-2.2,0.0,1.0
203,369220,QC,46.2056,-75.69169999999998,2011-07-27,0.3,L,intensive,Boreal Shield East,"(46.2056, -75.69169999999998)","46.27472222222222,-75.99194444444444",-75.99194444444444,46.27472222222222,90.66666666666667,27.0,7034482.2011.7.27,9.093333333333334,44.0,QC,7.0,0.0,MANIWAKI AIRPORT,0.0,26.1,7034482,27.5,2011.0,0.0,-2.2,0.0,1.0
204,369323,QC,46.2547,-75.81,2012-07-23,0.2,L,intensive,Boreal Shield East,"(46.2547, -75.81)","46.27472222222222,-75.99194444444444",-75.99194444444444,46.27472222222222,90.66666666666667,23.0,7034482.2012.7.23,9.093333333333334,44.0,QC,7.0,0.0,MANIWAKI AIRPORT,32.0,50.199999999999996,7034482,27.5,2012.0,0.0,-2.2,0.0,1.0
205,370554,QC,48.025,-66.7249,2020-05-28,0.0,L,intensive,Atlantic Maritime,"(48.025, -66.7249)","48.30863166666666,-67.252525",-67.252525,48.30863166666666,90.66666666666667,28.0,7051201.2020.5.28,9.093333333333334,44.0,QC,5.0,0.0,CAUSAPSCAL AIRPORT,36.0,50.199999999999996,7051201,27.5,2020.0,0.0,-2.2,0.0,1.0
206,370568,QC,48.0935,-66.5471,2020-05-28,0.0,L,intensive,Atlantic Maritime,"(48.0935, -66.5471)","48.30863166666666,-67.252525",-67.252525,48.30863166666666,90.66666666666667,28.0,7051201.2020.5.28,9.093333333333334,44.0,QC,5.0,0.0,CAUSAPSCAL AIRPORT,36.0,50.199999999999996,7051201,27.5,2020.0,0.0,-2.2,0.0,1.0
207,370654,QC,49.6242,-77.5449,2020-06-20,0.0,L,intensive,Boreal Shield East,"(49.6242, -77.5449)","49.757783333333336,-77.79307222222222",-77.79307222222222,49.757783333333336,90.66666666666667,20.0,7094637.2020.6.20,9.093333333333334,44.0,QC,6.0,0.0,MATAGAMI,34.0,26.1,7094637,27.5,2020.0,0.0,-2.2,0.0,1.0
208,370655,QC,49.9623,-76.9363,2020-06-20,0.6,L,intensive,Boreal Shield East,"(49.9623, -76.9363)","49.757783333333336,-77.79307222222222",-77.79307222222222,49.757783333333336,90.66666666666667,20.0,7094637.2020.6.20,9.093333333333334,44.0,QC,6.0,0.0,MATAGAMI,34.0,26.1,7094637,27.5,2020.0,0.0,-2.2,0.0,1.0
209,370659,QC,49.228,-72.6102,2020-06-20,0.0,L,intensive,Boreal Shield East,"(49.228, -72.6102)","48.84166666666667,-72.54694444444445",-72.54694444444445,48.84166666666667,90.66666666666667,20.0,7065639.2020.6.20,9.093333333333334,44.0,QC,6.0,0.0,NORMANDIN,32.0,26.1,7065639,27.5,2020.0,0.0,-2.2,0.0,1.0
210,370661,QC,50.5983,-74.1333,2020-06-20,1.4,L,intensive,Boreal Shield East,"(50.5983, -74.1333)","49.77723833333334,-74.53029666666667",-74.53029666666667,49.77723833333334,86.5,20.0,7091410.2020.6.20,13.85,44.0,QC,6.0,0.0,CHIBOUGAMAU-CHAPAIS,41.8,26.1,7091410,27.5,2020.0,0.0,-2.2,0.0,1.0
211,370666,QC,49.3206,-72.28629999999998,2020-06-20,2.7,L,intensive,Boreal Shield East,"(49.3206, -72.28629999999998)","48.84166666666667,-72.54694444444445",-72.54694444444445,48.84166666666667,90.66666666666667,20.0,7065639.2020.6.20,9.093333333333334,44.0,QC,6.0,0.0,NORMANDIN,32.0,26.1,7065639,27.5,2020.0,0.0,-2.2,0.0,1.0
212,370730,QC,49.6467,-77.10469999999998,2020-06-21,10.0,L,intensive,Boreal Shield East,"(49.6467, -77.10469999999998)","49.757783333333336,-77.79307222222222",-77.79307222222222,49.757783333333336,90.66666666666667,21.0,7094637.2020.6.21,13.521428571428572,44.0,QC,6.0,0.0,MATAGAMI,43.0,18.8,7094637,27.5,2020.0,0.0,-2.2,0.0,1.0
213,370764,QC,48.1504,-69.8038,2020-07-05,0.0,L,intensive,Boreal Shield East,"(48.1504, -69.8038)","48.13555555555556,-69.71638888888889",-69.71638888888889,48.13555555555556,90.66666666666667,5.0,7046059.2020.7.5,9.093333333333334,37.2,QC,7.0,0.0,POINTE DE L'ISLET,53.0,26.1,7046059,27.5,2020.0,0.0,-2.2,0.0,1.0
214,370765,QC,48.2056,-69.8106,2020-06-26,0.0,L,intensive,Boreal Shield East,"(48.2056, -69.8106)","48.13555555555556,-69.71638888888889",-69.71638888888889,48.13555555555556,90.66666666666667,26.0,7046059.2020.6.26,9.093333333333334,44.0,QC,6.0,0.0,POINTE DE L'ISLET,51.0,26.1,7046059,27.5,2020.0,0.0,-2.2,0.0,1.0
215,370766,QC,49.1517,-65.2002,2020-07-05,0.0,L,intensive,Atlantic Maritime,"(49.1517, -65.2002)","49.25083333333333,-65.32472222222222",-65.32472222222222,49.25083333333333,90.66666666666667,5.0,7051163.2020.7.5,9.093333333333334,44.0,QC,7.0,0.0,CAP-MADELEINE,36.0,26.1,7051163,27.5,2020.0,0.0,-2.2,0.0,1.0
216,370767,QC,46.4672,-72.79399999999998,2020-07-17,0.0,L,intensive,MixedWood Plain,"(46.4672, -72.79399999999998)","46.35166666666667,-72.68055555555556",-72.68055555555556,46.35166666666667,90.66666666666667,17.0,7018561.2020.7.17,12.178571428571427,47.86666666666667,QC,7.0,0.0,TROIS RIVIERES A,36.888888888888886,35.0,7018561,27.5,2020.0,0.0,-2.2,0.0,1.0
217,370774,QC,47.4781,-78.2536,2020-07-04,0.2,L,intensive,Boreal Shield East,"(47.4781, -78.2536)","48.053333333333335,-77.78277777777778",-77.78277777777778,48.053333333333335,90.66666666666667,4.0,7098605.2020.7.4,9.093333333333334,44.0,QC,7.0,0.0,VAL D'OR A,41.0,26.1,7098605,27.5,2020.0,0.0,-2.2,0.0,1.0
218,370791,QC,53.019,-77.4059,2020-07-08,112.8,L,nordique,Taiga Shield East,"(53.019, -77.4059)","53.625277777777775,-77.70416666666667",-77.70416666666667,53.625277777777775,90.66666666666667,8.0,7093716.2020.7.8,9.093333333333334,37.2,QC,7.0,0.0,LA GRANDE RIVIERE A,54.0,26.1,7093716,27.5,2020.0,0.0,-2.2,0.0,1.0
219,370792,QC,53.1542,-77.0434,2020-07-08,294.9,L,nordique,Taiga Shield East,"(53.1542, -77.0434)","53.625277777777775,-77.70416666666667",-77.70416666666667,53.625277777777775,90.66666666666667,8.0,7093716.2020.7.8,9.093333333333334,37.2,QC,7.0,0.0,LA GRANDE RIVIERE A,54.0,26.1,7093716,27.5,2020.0,0.0,-2.2,0.0,1.0
220,370793,QC,53.2361,-77.29519999999998,2020-07-08,3.4,L,nordique,Taiga Shield East,"(53.2361, -77.29519999999998)","53.625277777777775,-77.70416666666667",-77.70416666666667,53.625277777777775,90.66666666666667,8.0,7093716.2020.7.8,9.093333333333334,37.2,QC,7.0,0.0,LA GRANDE RIVIERE A,54.0,26.1,7093716,27.5,2020.0,0.0,-2.2,0.0,1.0
221,370816,QC,53.0025,-77.4094,2020-07-08,1.0,L,nordique,Taiga Shield East,"(53.0025, -77.4094)","53.625277777777775,-77.70416666666667",-77.70416666666667,53.625277777777775,90.66666666666667,8.0,7093716.2020.7.8,9.093333333333334,37.2,QC,7.0,0.0,LA GRANDE RIVIERE A,54.0,26.1,7093716,27.5,2020.0,0.0,-2.2,0.0,1.0
222,370851,QC,51.8009,-61.3287,2020-08-09,142.0,L,nordique,Boreal Shield East,"(51.8009, -61.3287)","50.19000111111111,-61.81083361111112",-61.81083361111112,50.19000111111111,90.66666666666667,9.0,7045401.2020.8.9,9.093333333333334,44.0,QC,8.0,0.0,NATASHQUAN AIRPORT,43.0,26.1,7045401,27.5,2020.0,0.0,-2.2,0.0,1.0
223,370862,QC,49.1168,-65.6373,2020-08-11,22.8,L,intensive,Atlantic Maritime,"(49.1168, -65.6373)","49.25083333333333,-65.32472222222222",-65.32472222222222,49.25083333333333,90.66666666666667,11.0,7051163.2020.8.11,9.093333333333334,44.0,QC,8.0,0.0,CAP-MADELEINE,50.0,26.1,7051163,27.5,2020.0,0.0,-2.2,0.0,1.0
224,371077,QC,48.266,-78.9169,2021-05-15,0.0,L,intensive,Boreal Shield East,"(48.266, -78.9169)","48.20611111111111,-78.83555555555556",-78.83555555555556,48.20611111111111,90.66666666666667,15.0,7086719.2021.5.15,9.093333333333334,44.0,QC,5.0,0.0,ROUYN-NORANDA A,35.0,26.1,7086719,27.5,2021.0,0.0,-2.2,0.0,1.0
225,371078,QC,50.9905,-78.73569999999998,2021-05-14,11.0,L,nordique,Hudson Plain,"(50.9905, -78.73569999999998)","51.473333333333336,-78.75833333333334",-78.75833333333334,51.473333333333336,90.66666666666667,14.0,7098898.2021.5.14,17.326666666666664,45.0,QC,5.0,0.0,WASKAGANISH A,41.0,26.1,7098898,27.5,2021.0,0.0,11.3,0.0,1.0
226,371083,QC,50.9896,-78.6842,2021-05-14,38.6,L,nordique,Hudson Plain,"(50.9896, -78.6842)","51.473333333333336,-78.75833333333334",-78.75833333333334,51.473333333333336,90.66666666666667,14.0,7098898.2021.5.14,17.326666666666664,45.0,QC,5.0,0.0,WASKAGANISH A,41.0,26.1,7098898,27.5,2021.0,0.0,11.3,0.0,1.0
227,371202,QC,49.7951,-76.662,2021-06-02,0.1,L,intensive,Boreal Shield East,"(49.7951, -76.662)","49.757783333333336,-77.79307222222222",-77.79307222222222,49.757783333333336,90.66666666666667,2.0,7094637.2021.6.2,11.086666666666668,45.0,QC,6.0,0.0,MATAGAMI,46.0,26.1,7094637,27.5,2021.0,0.0,-2.2,0.0,1.0
228,371207,QC,52.1222,-66.8319,2021-05-26,87.9,L,nordique,Boreal Shield East,"(52.1222, -66.8319)","50.223333333333336,-66.26555555555555",-66.26555555555555,50.223333333333336,90.66666666666667,26.0,7047911.2021.5.26,9.093333333333334,45.20038759689922,QC,5.0,0.0,SEPT-ILES A,47.0,26.1,7047911,27.5,2021.0,0.0,-2.2,0.0,1.0
229,371210,QC,53.845,-72.0528,2021-05-26,193.2,L,nordique,Taiga Shield East,"(53.845, -72.0528)","53.75472222222222,-73.67527777777778",-73.67527777777778,53.75472222222222,90.66666666666667,26.0,7093714.2021.5.26,9.566666666666666,30.296194824961947,QC,5.0,0.0,LA GRANDE 4 A,84.0,26.1,7093714,27.5,2021.0,0.0,-2.2,0.0,1.0
230,371211,QC,53.673,-71.7513,2021-05-26,57.2,L,nordique,Taiga Shield East,"(53.673, -71.7513)","53.75472222222222,-73.67527777777778",-73.67527777777778,53.75472222222222,90.66666666666667,26.0,7093714.2021.5.26,9.566666666666666,30.296194824961947,QC,5.0,0.0,LA GRANDE 4 A,84.0,26.1,7093714,27.5,2021.0,0.0,-2.2,0.0,1.0
231,371212,QC,53.7725,-71.6012,2021-05-26,339.8,L,nordique,Taiga Shield East,"(53.7725, -71.6012)","53.75472222222222,-73.67527777777778",-73.67527777777778,53.75472222222222,90.66666666666667,26.0,7093714.2021.5.26,9.566666666666666,30.296194824961947,QC,5.0,0.0,LA GRANDE 4 A,84.0,26.1,7093714,27.5,2021.0,0.0,-2.2,0.0,1.0
232,371213,QC,53.3684,-72.40909999999998,2021-06-03,297.3,L,nordique,Taiga Shield East,"(53.3684, -72.40909999999998)","53.75472222222222,-73.67527777777778",-73.67527777777778,53.75472222222222,90.66666666666667,3.0,7093714.2021.6.3,7.373333333333334,44.0,QC,6.0,0.0,LA GRANDE 4 A,71.0,26.1,7093714,27.5,2021.0,0.0,-2.2,0.0,1.0
233,371214,QC,53.6643,-72.6302,2021-05-26,910.9,L,nordique,Taiga Shield East,"(53.6643, -72.6302)","53.75472222222222,-73.67527777777778",-73.67527777777778,53.75472222222222,90.66666666666667,26.0,7093714.2021.5.26,9.566666666666666,30.296194824961947,QC,5.0,0.0,LA GRANDE 4 A,84.0,26.1,7093714,27.5,2021.0,0.0,-2.2,0.0,1.0
234,371219,QC,48.5747,-64.9156,2021-06-05,0.0,L,intensive,Atlantic Maritime,"(48.5747, -64.9156)","48.77527777777778,-64.47972222222222",-64.47972222222222,48.77527777777778,90.66666666666667,5.0,7052601.2021.6.5,9.093333333333334,44.0,QC,6.0,0.0,GASPE A,48.0,26.1,7052601,27.5,2021.0,0.0,-2.2,0.0,1.0
235,371302,QC,47.7108,-76.652,2021-06-14,33.0,L,intensive,Boreal Shield East,"(47.7108, -76.652)","48.053333333333335,-77.78277777777778",-77.78277777777778,48.053333333333335,90.66666666666667,14.0,7098605.2021.6.14,9.093333333333334,44.0,QC,6.0,0.0,VAL D'OR A,42.0,26.1,7098605,27.5,2021.0,0.0,-2.2,0.0,1.0
236,371306,QC,47.9824,-76.4893,2021-06-14,0.6,L,intensive,Boreal Shield East,"(47.9824, -76.4893)","48.053333333333335,-77.78277777777778",-77.78277777777778,48.053333333333335,90.66666666666667,14.0,7098605.2021.6.14,9.093333333333334,44.0,QC,6.0,0.0,VAL D'OR A,42.0,26.1,7098605,27.5,2021.0,0.0,-2.2,0.0,1.0
237,371323,QC,49.5263,-77.2145,2021-06-17,0.2,L,intensive,Boreal Shield East,"(49.5263, -77.2145)","49.757783333333336,-77.79307222222222",-77.79307222222222,49.757783333333336,90.66666666666667,17.0,7094637.2021.6.17,9.093333333333334,44.0,QC,6.0,0.0,MATAGAMI,44.0,26.1,7094637,27.5,2021.0,0.0,-2.2,0.0,1.0
238,371328,QC,53.3322,-78.4345,2021-06-18,316.4,L,nordique,Taiga Shield East,"(53.3322, -78.4345)","53.01055555555556,-78.83111111111111",-78.83111111111111,53.01055555555556,90.66666666666667,18.0,7098908.2021.6.18,9.093333333333334,44.0,QC,6.0,0.0,WEMINDJI A,36.0,26.1,7098908,27.5,2021.0,0.0,-2.2,0.0,1.0
239,371330,QC,52.6598,-77.0091,2021-06-18,12.8,L,nordique,Hudson Plain,"(52.6598, -77.0091)","53.625277777777775,-77.70416666666667",-77.70416666666667,53.625277777777775,90.66666666666667,18.0,7093716.2021.6.18,9.093333333333334,44.0,QC,6.0,0.0,LA GRANDE RIVIERE A,39.0,26.1,7093716,27.5,2021.0,0.0,-2.2,0.0,1.0
240,371331,QC,52.6301,-76.8588,2021-06-18,247.1,L,nordique,Taiga Shield East,"(52.6301, -76.8588)","53.625277777777775,-77.70416666666667",-77.70416666666667,53.625277777777775,90.66666666666667,18.0,7093716.2021.6.18,9.093333333333334,44.0,QC,6.0,0.0,LA GRANDE RIVIERE A,39.0,26.1,7093716,27.5,2021.0,0.0,-2.2,0.0,1.0
241,371335,QC,47.5446,-76.77859999999998,2021-06-18,0.0,L,intensive,Boreal Shield East,"(47.5446, -76.77859999999998)","48.053333333333335,-77.78277777777778",-77.78277777777778,48.053333333333335,90.66666666666667,18.0,7098605.2021.6.18,9.093333333333334,44.0,QC,6.0,0.0,VAL D'OR A,50.0,26.1,7098605,27.5,2021.0,0.0,-2.2,0.0,1.0
242,371337,QC,53.6148,-78.89539999999998,2021-06-18,3.5,L,nordique,Taiga Shield East,"(53.6148, -78.89539999999998)","53.01055555555556,-78.83111111111111",-78.83111111111111,53.01055555555556,90.66666666666667,18.0,7098908.2021.6.18,9.093333333333334,44.0,QC,6.0,0.0,WEMINDJI A,36.0,26.1,7098908,27.5,2021.0,0.0,-2.2,0.0,1.0
243,371338,QC,47.7319,-79.34449999999998,2021-06-18,2.5,L,intensive,Boreal Shield East,"(47.7319, -79.34449999999998)","48.24583333333333,-79.03416666666666",-79.03416666666666,48.24583333333333,90.66666666666667,18.0,7086716.2021.6.18,9.093333333333334,44.0,QC,6.0,0.0,ROUYN,41.0,26.1,7086716,27.5,2021.0,0.0,-2.2,0.0,1.0
244,371339,QC,47.9081,-77.933,2021-06-18,5.7,L,intensive,Boreal Shield East,"(47.9081, -77.933)","48.053333333333335,-77.78277777777778",-77.78277777777778,48.053333333333335,90.66666666666667,18.0,7098605.2021.6.18,9.093333333333334,44.0,QC,6.0,0.0,VAL D'OR A,50.0,26.1,7098605,27.5,2021.0,0.0,-2.2,0.0,1.0
245,371349,QC,48.1173,-69.8472,2021-06-19,3.5,L,intensive,Boreal Shield East,"(48.1173, -69.8472)","48.13555555555556,-69.71638888888889",-69.71638888888889,48.13555555555556,90.66666666666667,19.0,7046059.2021.6.19,9.093333333333334,44.0,QC,6.0,0.0,POINTE DE L'ISLET,50.0,26.1,7046059,27.5,2021.0,0.0,-2.2,0.0,1.0
246,371353,QC,53.622,-73.53329999999998,2021-06-18,3207.3,L,nordique,Taiga Shield East,"(53.622, -73.53329999999998)","53.75472222222222,-73.67527777777778",-73.67527777777778,53.75472222222222,90.66666666666667,18.0,7093714.2021.6.18,14.526666666666667,44.0,QC,6.0,0.0,LA GRANDE 4 A,44.23076923076923,26.1,7093714,27.5,2021.0,0.0,-2.2,0.0,1.0
247,371362,QC,52.5612,-76.2204,2021-07-05,13.3,L,nordique,Hudson Plain,"(52.5612, -76.2204)","53.625277777777775,-77.70416666666667",-77.70416666666667,53.625277777777775,90.66666666666667,5.0,7093716.2021.7.5,7.02,44.0,QC,7.0,0.0,LA GRANDE RIVIERE A,46.0,26.1,7093716,27.5,2021.0,0.0,-4.2,0.0,1.0
248,371364,QC,53.0072,-77.38379999999998,2021-07-05,2.0,L,nordique,Taiga Shield East,"(53.0072, -77.38379999999998)","53.625277777777775,-77.70416666666667",-77.70416666666667,53.625277777777775,90.66666666666667,5.0,7093716.2021.7.5,7.02,44.0,QC,7.0,0.0,LA GRANDE RIVIERE A,46.0,26.1,7093716,27.5,2021.0,0.0,-4.2,0.0,1.0
249,371365,QC,53.499,-78.5445,2021-07-05,65.4,L,nordique,Taiga Shield East,"(53.499, -78.5445)","53.01055555555556,-78.83111111111111",-78.83111111111111,53.01055555555556,90.66666666666667,5.0,7098908.2021.7.5,11.176923076923078,57.24166666666667,QC,7.0,0.0,WEMINDJI A,45.0,26.1,7098908,27.5,2021.0,0.0,0.4,0.0,1.0
250,371366,QC,49.6922,-78.6362,2021-07-05,2.2,L,intensive,Boreal Shield East,"(49.6922, -78.6362)","49.757783333333336,-77.79307222222222",-77.79307222222222,49.757783333333336,90.66666666666667,5.0,7094637.2021.7.5,9.093333333333334,44.0,QC,7.0,0.0,MATAGAMI,56.0,26.1,7094637,27.5,2021.0,0.0,-2.4,0.0,1.0
251,371370,QC,49.1982,-65.4011,2021-07-11,0.0,L,intensive,Atlantic Maritime,"(49.1982, -65.4011)","49.25083333333333,-65.32472222222222",-65.32472222222222,49.25083333333333,90.66666666666667,11.0,7051163.2021.7.11,9.053333333333335,44.0,QC,7.0,0.0,CAP-MADELEINE,38.0,23.599999999999998,7051163,27.5,2021.0,0.0,-2.2,0.0,1.0
252,371372,QC,55.3554,-76.0912,2021-07-05,26858.9,L,nordique,Taiga Shield East,"(55.3554, -76.0912)","56.53611111111111,-76.51833333333333",-76.51833333333333,56.53611111111111,90.66666666666667,5.0,7108564.2021.7.5,9.093333333333334,44.0,QC,7.0,0.0,UMIUJAQ A,82.0,26.1,7108564,27.5,2021.0,0.0,-2.2,0.0,1.0
253,371382,QC,49.7934,-78.9444,2021-07-17,3.0,L,intensive,Boreal Shield East,"(49.7934, -78.9444)","49.757783333333336,-77.79307222222222",-77.79307222222222,49.757783333333336,90.66666666666667,17.0,7094637.2021.7.17,9.093333333333334,44.0,QC,7.0,0.0,MATAGAMI,50.0,26.1,7094637,27.5,2021.0,0.0,-2.2,0.0,1.0
254,371401,QC,48.7492,-72.7857,2021-08-06,0.1,L,intensive,Boreal Shield East,"(48.7492, -72.7857)","48.84166666666667,-72.54694444444445",-72.54694444444445,48.84166666666667,90.66666666666667,6.0,7065639.2021.8.6,9.093333333333334,44.0,QC,8.0,0.0,NORMANDIN,44.0,26.1,7065639,27.5,2021.0,0.0,-2.2,0.0,1.0
255,371444,QC,49.1904,-76.64669999999998,2021-08-19,0.2,L,intensive,Boreal Shield East,"(49.1904, -76.64669999999998)","49.757783333333336,-77.79307222222222",-77.79307222222222,49.757783333333336,90.66666666666667,19.0,7094637.2021.8.19,9.093333333333334,44.0,QC,8.0,0.0,MATAGAMI,39.36363636363637,26.1,7094637,27.5,2021.0,0.0,-2.2,0.0,1.0
256,371503,QC,48.7468,-72.67489999999998,2021-09-06,0.0,L,intensive,Boreal Shield East,"(48.7468, -72.67489999999998)","48.84166666666667,-72.54694444444445",-72.54694444444445,48.84166666666667,92.23636363636363,6.0,7065639.2021.9.6,9.093333333333334,62.733333333333334,QC,9.0,0.0,NORMANDIN,40.55555555555556,0.0,7065639,27.5,2021.0,0.0,-2.2,0.0,1.0
